№,ФИО,Выпуск АГШ,Чин,Последняя должность/статус в «добольшевистской» армии,Категории высокой должности,Высший ВАА большевиков,Округа/Завеса,Фронты/полевые части,Военно-учебные заведения,Белые/арест/эмиграция,Страница книги
1,Авсюк Александр Григорьевич,1908,Полковник,"Авсюк Александр Григорьевич, 1908, Полковник; Нач. Алексеев. ВУч",,,,,На 5 дек. 1918 г. — Препод. 1-х Московских советских пехкурсов,,469
2,Адабаш Михаил Алексеевич,1889,Генерал-лейтенант,"Адабаш Михаил Алексеевич, 1889, Генерал-лейтенант",,,На 15 ил. 1919г. — Нач-к Оперод Мобупра ПВО,,,,469
3,Акинтиевский Георгий Константинович,1914,Полковник,"Акинтиевский Георгий Константинович, 1914, Подполковник; Старад Огенкварта Штаба 1 А",,,С 27 апреля — до 8 ин. 1918 г. — Нач. Отдела Штаба ПриВО; На 28 нбр. 1918 г. — «без вести отсутствует с 9 ин. 1918 г.»,,,8 ин. 1918 г. оказался в распоряжении Комуча при взятии чехами Самары,469
4,Аксенов Парфирий Петрович,1912,Полковник,"Аксенов Парфирий Петрович, 1912, Подполковник; Производитель астрономических работ при ВТО ГУГШ",,На начало 1918г. — в ВТО ГУГШ; 1 ил. 1918 г. — 15 дек. 1919 г. — Нач. 1-го Отдела Части научных работ и издания научных трудов ГО ВГШ,,,,,470
5,Акутин Павел Тимофеевич,1918,Капитан,"Акутин Павел Тимофеевич, 1918, Капитан; 8 Финлянд. сп.",,В конце фвр. — начале мрт. 1918 г. под руководством Препод. АГШ Генштаба полковника Б.П. Полякова занимался разработкой штатов и законополож. для Красной Армии,На 27 ин. 1918г. — в Штабе СУОЗ,,,,470
6,Алафузо Михаил Иванович,1918,Штабс-капитан,"Алафузо Михаил Иванович, 1918, Штабс-капитан; Шт.-оф. для поруч. при Штабе 38 АК",,,С 11 фвр. 1918г. — Нач-к Оперупр. Штаба ДновскоПорховской груп пы (1 мес. 13 дней),28 ин. — 30 авг. 1918 г. — Начоперупр. Штаба СевероУральско-Сибир. фронта и Штарма-3; 30 авг. 1918 г. — 26 авг./ 20 дек. 1919 г. — Наштарм-3; 26 авг. — 6 окт. 1919 г. — Врид. Командарм-3; 20 ин. — 13 окт. 1920 г. — Наштарм-13,,,470
7,Александров Леонид Капитонович,1904,Генерал-майор,"Александров Леонид Капитонович, 1904, Генерал-майор; Нач-к Оперод Штаба Главковерха",Ставка / штаб Верховного главнокомандующего,С 28 фвр. по 12 мая 1918 г. — Нач-к Оперод ВВС,С 12 мая по 15 окт. 1918 г. — НШ СУОЗ; 15 окт. 1918 г. — 16 ил. 1920 г. — НШ ПВО,,,,471
8,Александров Николай Георгиевич,1897,Полковник,"Александров Николай Георгиевич, 1897, 2-й разряд; Полковник; Помнач. Отдела Мобупра ГШ",,,С окт. 1918 г. — Зав. Отделом службы войск Шт. УралВО; С 15 окт. с. г. — Зав. ВСО того же штаба; С 3 дек. 1918 г. — Нач. Мобупра Штаба УралВО 24 апр. 1919 г. до 4 окт. 1920 г. — для поручений при Начштаба УралВО,,,,471
9,Алексеев Иосиф Терентьевич,1917,Капитан,"Алексеев Иосиф Терентьевич, 1917, Капитан; Старад 73 пд.",,,24 сент. 1918 г. — 25 сент. 1919 г. — Наштадив-2 Орловской кавалерийской; 25 снт. 1919 г. — 1 янв. 1920 г. — Нач-к Оперод там же,,,,471
10,Алексеев Константин Васильевич,1909,Генерал-майор,"Алексеев Константин Васильевич, 1909, Генерал-майор; Ком-р 141 п. Можайского",,,На лето 1918 г. — НШ Ржевского отря да (ЗУОЗ); На ил. 1918 г. — Наштадив-2 Тверской,На 28 нбр. 1918г. — Нач. Отделения Бюро печати Штасева,,К 1 авг. 1918 г. нахся в заключении в Таганской тюрьме (Москва); освобожден. Продолжил службу в РККА,471
11,Алексеев Михаил Павлович,1894,Генерал-майор,"Алексеев Михаил Павлович, 1894, Генерал-майор НШ Запад. фр.",,,,С 26 сент. 1918г. — Нач. Отделения в Бюро печати и информации Штасева; С 5 янв. 1919 г. — Нач. Общего Отдела в Штабе СФ; на 15 ил. 1919г. — Нач-к Общего Отдела Штаба ЗФ,На 15 ил. 1919 г. — Помнач. ШШС Штазапа,,472
12,Алексеев Яков Иванович,1901,Генерал-майор,"Алексеев Яков Иванович, 1901, Генерал-майор; Нач. ГО ВТО ГУГШ",,С 23 фвр. 1918г. — Нач. ГО ВТО ГУГШ; С 1 ин. 1918 г. (3 г. 10 мес.) — Инспек тор работ КВТ,,,,,472
13,Андерс Александр Карлович,1901,Полковник,"Андерс Александр Карлович, 1901/1908, Полковник; Ком-р 14 гусп.",,,На лето 1918 г. — Наштадив-1 Рязанской,16 авг. — 22 нбр. 1918 г. — Наштарм-5; С 21 окт./ 22/28 нбр. 1918г. — 1 мая 1919 г. — Наштадив-2 стрелковой; 1/8 мая 1919 г. — 6 янв./ 25 фвр. 1920 г. — Наштарм-4,,,472
14,Андогский Александр Иванович,1905,Полковник,"Андогский Александр Иванович, 1905, Полковник; Экстраординар. Профессор АГШ и ее Начальник",,,,,На серед. фвр. до конца ил. 1918г. — Нач-к АГШ РККА и ее Препод.;,Эвакуирован большевиками с АГШ в Казань 23–24 ил. 1918 г.; У белых: На 10 авг. — Нач. АГШ при Комуче; На 9 дек. 1918 г. — Нач-к АГШ у Колчака; На 24 фвр. 1919 г. — в той же долж. в резерве чинов Иркут. ВО,473
15,Андрианов Николай Евгеньевич,1885,Полковник,"Андрианов Николай Евгеньевич, 1885 (2-й разряд), Полковник; Нач. Отдельной бригады",,,С 1 февр. 1919г. — Нач-к Админ. Отдела Киевского Губвоенкомата,,С 23 мрт. по 12 окт. 1919 г. — Зав. Советскими Киевскими арткурсами,,473
16,Андриевский Дмитрий Иванович,1901,Генерал-майор,"Андриевский Дмитрий Иванович, 1901, Генерал-майор; Дежген Главштаба",,,На 15 сент. 1918г. — Нач. Отдела штаба Военрука СУОЗ,,,,473
17,Анисимов Александр Иванович,1902,Генерал-майор,"Анисимов Александр Иванович, 1902, Генерал-майор; В резерве чинов при штабе КиевВО",,,,,С сент. 1918 г. — и на серед. ил. 1919г. — Штатный Препод. 1-х Совет ских Петроградских Кавкурсов,"На 10 сент. 1918 г. «был арестован... и сидел, теперь освобожден»; На 5 нбр. 1918 г. — в той же должности",473
18,Антонович Александр Трифонович,1907,Полковник,"Антонович Александр Трифонович, 1907, Полковник НШ 25 АК",,,,,На 20 ил. 1918 г. — Препод. практич. занятий по тактике в АГШ РККА;,Оставлен в Екатерин бурге при эвакуации Академии в Казань (23–24 ил. 1918 г.) в составе комиссии для заведывания и охраны оставленного казенного имущества. У белых: С 29 ил. 1918 г. — зачис лен в резерв по Штабу формиров. НА Комуча; Шт.-оф. АГШ На авг. — Зав. обуча ю щимися в АГШ офицерами; После 28 авг. 1918 г. — в распоряжении Временного Сибирск. Прав-ва (Омск); С окт. — Правитель дел АГШ; На 24 фвр. 1919 г. — Правитель дел АГШ у Колчака,474
19,Апухтин Александр Николаевич,1886,Генерал-лейтенант,"Апухтин Александр Николаевич, 1886, Генерал-лейтенант Нач. 68 пд.",,На 28 нбр. 1918г. — «Наблюд. Красн. Флота» На 15 ил. 1919 г. — В НИО 3-й секции единого госархивного фонда на должности редактора,,,На мрт. 1918 г. — Препод. АГШ РККА,,474
20,Армадеров Георгий Александрович,1918,Капитан,"Армадеров Георгий Александрович, 1918, Капитан; НШ 8А",Начальник штаба армии,С 5 фвр. 1919 г. — Инспектор Центрального Управления Всевобуча,С 1 мая 1918 г. — для поруч. при штабе ЯВО; С 25 окт. 1918г. — Инспектор по Всевобучу ЯВО,,,,475
21,Артемьев Константин Петрович,1914,Полковник,"Артемьев Константин Петрович, 1914, Подполковник; Помощник Генкварта Штаба СФ",,,С 21 окт. 1918 г. по 25 апр. 1919г. — Инспектор Всевобуч УралВО; 25 апр. — 21 авг. 1919 г. — Нач. Мобупра Шт. УралВО,С 27 апр. по 21 окт. 1918 г. — Врид. Наштадив. Вятской пехотной,На 20 ил. 1918 г. вел практич. занятия по тактике на ускоренных курсах АГШ РККА,,475
22,Архангельский Алексей Петрович,1898,Генерал-лейтенант,"Архангельский Алексей Петрович, 1898, Генерал-лейтенант; Нач-к Генштаба",Начальник Генштаба,До 8 дек. 1917 г. — Нач. Генштаба; Затем: Нач-к Отделения по учету и призыву военспецов Моботдела ГУГШ; С 14 ин. до начала сент. 1918г. — Нач-к Управления по комсоставу армии при ВГШ,На 18 окт. 1918г. — Военрук Московского Военкомата,,,"15 сент. 1918 г. по при казу Троцкого направлен в командиров ку на Юж. фронт, где по пал по заданию ВЧК в стан Белой ар мии; У белых: 26 фвр. 1919 г. зачислен в резерв чинов при штабе Главкома ВСЮР",475
23,Архипов Михаил Николаевич,1911,Полковник,"Архипов Михаил Николаевич, 1911, Подполковник; Зав. слушат. АГШ",,,,,На май — ил. 1918 г. — Заведующий слушателями АГШ РККА,,475
24,Астапович Владимир Викторович,1901,Полковник,"Астапович Владимир Викторович, 1901, Полковник; Командир полка",,,С 20 нбр. 1918г. — Заввсевобуча Мо гилевского Военкомата; С 1 дек. 1918 г. до 3 мрт. 1919г. — НШ РК Милиции,,3 мрт. 1919 г. — 20 мрт. 1920 г. — Преп-ль Могилевских комкурсов,,476
25,Аузан Андрей Иванович,1903,Генерал-майор,"Аузан Андрей Иванович, 1903, Генерал-майор; Нач. ВТО ГУГШ",,На конец 1917 г. — начало 1918 г. — Нач-к ВТО; Со 2 мая 1918 г. — Нач. КВТ; На 1–15 ил. 1919г. — Нач. ВТУ ВГШ,,,,,476
26,Афанасьев Анатолий Васильевич,1909,Полковник,"Афанасьев Анатолий Васильевич, 1909– 1914, Подполковник; Председ. ЛК по делам Штаба сухопут. войск, подчин. К-щему БФ",,27 нбр. 1918 г. — 28 мрт. 1919 г. — Помнач. Оперод ПШ РВСР; На 1–15 ил. 1919 г. — Помнач. Оперупра ПШ РВСР,,,,,476
27,Афанасьев Владимир Александрович,1899,Генерал-майор,"Афанасьев Владимир Александрович, 1899, Генерал-майор; НШ 3 К. Сибирского",,30 сент. — 14 окт. 1918 г. — Для поруч. при Нач. ВОСО ПШ РВСР; 14 окт. 1918 г. — 5 ин. 1919 г. — Нач-к 4-го Отдела ЦУПВОСО ПШ РВСР,23 апреля — 30 сент. 1918 г. — Нач. ВОСО при Московском округе путей сооб щений,19 мрт. — 23 апреля 1918 г. — Нач. ВОСО СФ,На 15 дек. 1918 г. — Преподавал технику ж/д дела в АГШ РККА,,476
28,Афанасьев Федор Михайлович,1913,Полковник,"Афанасьев Федор Михайлович, 1913, Полковник; Дел-ль ГУГШ",,14/16 фвр. — 26 мая 1918 г. — Помощ. Нач. Оперод ГУГШ; 1 авг. — 5 окт. 1918 г. — Нач. Общего Отдела ВГШ,,5 окт. — 1 нбр. 1918 г. — Нач-к Связи 2-й Армии; 8 февр. — 1 окт. 1919 г. — Командарм-2; 1 нбр. 1918 г. — 1 окт. 1919 г. — Наштарм-2,,,476
29,Бабиков Николай Александрович,1893,Генерал-лейтенант,"Бабиков Николай Александрович, 1893, Генерал-лейтенант; В распоряжении Военмина",,На 28 нбр. 1918г. — Управдел. (Секретарь) ВЗС; С 4 ин. 1919 г. — Помощ. Управделами РВСР и постоян. член ВЗС,,,,,477
30,Баиов Алексей Константинович 1896,1896,Генерал-лейтенант,"Баиов Алексей Константинович 1896, Генерал-лейтенант; Ординарный профессор АГШ",,После Окт. 1917 г. — не поздн. осени 1919 г. — возглавлял Комиссию по приведению в порядок исторических архивов,На 15 ил. 1919 г. — В распоряжении Окружного Комиссариата ВУЗ ПВО,,В февр. — июле 1918 г. — Преподаватель АГШ РККА,"У белых: После захвата армией Юденича Павловска в октябре 1919 г. оказался у белых и ушел с ними в Эстонию, где до 1926 г. препода вал в военно-учеб ных заведениях; На период Окт. 1928г. — Авг. 1931г. — в Ревеле (Эстония)",477
31,Баиов Константин Константинович,1894,Генерал-лейтенант,"Баиов Константин Константинович, 1894, Генерал-лейтенант; К-щий войсками Двинского ВО",Командующий военным округом,На 28 нбр. 1918 г. — Нач-к Военотдела Воениздата ЦИК; На серед. ил. 1919г. — Сотрудниксоставитель Комиссии по исследова нию опыта войны 1914–1918гг.,С 27 апр. по 1 авг. 1918 г. — Военрук МВО,,,,477
32,Балабин Филипп Иванович,1908,Полковник,"Балабин Филипп Иванович, 1908, Полковник; Нач. Штаба Главкома ПВО",Начальник штаба фронта,,Со 2 мрт. 1918г. — Нач. Оперод Военрука СУОЗ; С 25 авг. 1918 г. — Инструктор по до призывной под - готовке при Себежском Уездном Воен комате; С 28 сент. 1918г. до 1 ил. 1920 г. — Сотенный инструк тор по обучению при зывников При хобского Во лостного Комиссариата,,,,478
33,Балтийский Александр Алексеевич,1903,Генерал-майор,"Балтийский Александр Алексеевич, 1903, Генерал-майор; В распоряж. Военмина",,,,12 окт. — 26 дек. 1918 г. — Наштарм-4; одновременно: с 5 нбр. — Командарм-4; С 26 дек. 1918г. — на 15 ил. 1919 г. — для поруч. при Командарме-4 и К-щем Южной группы ВФ,,,478
34,Балуев Петр Семенович,1882,Генерал от инфантерии,"Балуев Петр Семенович, 1882, Генерал от инфантерии; Главком ЗФ",Главнокомандующий фронтом,На 15 ил. 1919г. — Инспектор ВОСО ВВИ,,,,,478
35,Баранов Сергей Алексеевич 1903,1903,Полковник,"Баранов Сергей Алексеевич 1903, Полковник; Ком-р бриг.",,,Фвр. 1919 г. — Нач-к Сибирского УРа,Мрт. — май 1919г. — для поруч. при Командарме-5; На ин. 1919 г. — Нач-к Разведотделен. Штарма-5,,,479
36,Баранович Виктор Львович,1917,Капитан,"Баранович Виктор Львович, 1917, Капитан; 30-я артбригада",,,На 14 ин. 1918г. — Нач-к Отделен. Штаба Смолен. Отряда; На 28 нбр. 1918 г. — Нач-к Оперод Штаба Запад. района обороны,С 14 ин. 1919 г. — Врид. Нач. Оперод Штарма-16,,,479
37,Баранович Всеволод Михайлович,1900,Полковник,"Баранович Всеволод Михайлович, 1900, Полковник; Ком-р 201 бриг. ТАОН",,,,,В 1919 г. — Завуч 3-х Сибирских арткурсов,,479
38,Барановский Владимир Львович,1910,Генерал-майор,"Барановский Владимир Львович, 1910, Генерал-майор; В распоряжении НШ СФ",,С 6 дек. и до конца 1918 г. — Военрук Главупра Всевобуча; Нач. Орготдела Всевобуча; С 19 апр. 1919г. — Помнач. Центрального Управления Всевобуча ВГШ; На серед. ил. 1919 г. — Военрук Управления Всевобуча,,,,,479
39,Бардинский Иван Алексеевич,1917,Капитан,"Бардинский Иван Алексеевич, 1917, Капитан; 307 пп. Спасский",,,На лето 1918 г. — Завед. Оперчастью 2-й бриг. Псковской дивизии; На 28 нбр. 1918г. — Помощ. Наштадива Псковской,На серед. ил. 1919 г. — Помощ. Нач-ка Оперод Штаба ВФ; 13 ил. 1919 г. — командирован в Штарм-15,,,480
40,Бармин Александр Александрович,1907,Полковник,"Бармин Александр Александрович, 1907, Полковник; Нач-к 7-го Отделения УПВОСО ГУГШ",,с 30 янв. — до 25 авг. 1919 г. — Нач-к 5-го Отдела (ПТО) ЦУПВОСО РВСР; 25 авг. — 20 окт. 1919 г. — Инспектор ЦУПВОСО,12 мрт. — 10 авг. 1918 г. — Нач. ПТО ВОСО штаба СУОЗ,9 сент. — 10 дек. 1918 г. — Нач-к ВЭО УПВОСО ВФ; 10 дек. 1918 г. — 30 янв. 1919 г. — Нач. Адмупра Штаба ВФ,,,480
41,Бармин Иван Александрович,1904,Генерал-майор,"Бармин Иван Александрович, 1904, Генерал-майор; Нач. ВОСО театра военных действий",,С 5 мрт. 1918 г. — Нач-к Отдела ВОСО (войсков. перевозок) Управления Нач-ка ВОСО при ВВС,С 26 авг. 1918г. — до 1 мрт. 1919 г. — Нач-к Москов. Управления ВОСО; На серед. ил. 1919г. — Нач-к ВОСО Москов. ж/д узла,С 1 мрт. 1919г. — Нач. ВОСО УПВОСО Запад. фр.,,,480
42,Барсуков Евгений Захарович,1895,Генерал-майор,"Барсуков Евгений Захарович, 1895, Генерал-майор; Нач. Артупра при Главковерхе",,,С 10 апр. 1918 г. Инспектор Артиллерии при штабе ЗУОЗ и Помощ. Воен рука того же участка,,,,480
43,Бартельс Иван Иванович,1917,Ротмистр,"Бартельс Иван Иванович, 1917, Ротмистр; Старад Штаба 3АК",,На 28 нбр. 1918 г. — Младший Помощник Инспектора по инспекторской части ВВИ,Не позднее 27 ин. 1918 г. — Нач-к Разведотдела Штаба Карель. отряда На 9 окт. 1918 г. — Нач. Разведод Штаба УралВО,На серед. ил. 1919 г. — Зав. Военотделом Украинской ВВИ,,,480
44,Бартенев Сергей Николаевич,1902,Полковник,"Бартенев Сергей Николаевич, 1902, Подполковник; Ком-р батареи ТАОН",,14 ил. 1918 г. — 1 янв. 1919 г. — Помощник Дел-ля ГАУ,,25 ин. 1919 г. — 12 ин. 1920 г. — Начштаба Управления Нач-ка Артил лерии 42-й сд.; 6 окт. — 21 нбр. 1920 г. — Врид. Наштарм-9,,,481
45,Басков Михаил Владимирович,1904,Генерал-майор,"Басков Михаил Владимирович, 1904, Генерал-майор; НШ 15 пд.",,,,На 15 ил. 1919 г. — Нач-к Оперод Оперупра штаба армий УФ,,,481
46,Баторский Михаил Александрович,1914–1915,Полковник,"Баторский Михаил Александрович, 1914–1915, Подполковник; В распоряж. Нач. Генштаба; Помощ. Старада Оперод Генкварта Штаба Особой армии",,С 25 янв. 1918 г. Помощ. Нач-ка Отделения ГУГШ,15 сент. — 15 окт. 1918 г. — для поруч. при Начштаба СУОЗ,15 окт. — 25 дек. 1918 г. — Нач-к Оперотделения Штарм-7; 25 дек. 1918 г. — 1 сент. 1919 г. — Наштадив 1-й пограничной,,,481
47,Безруков Алексей Герасимович,1891,Генерал-майор,"Безруков Алексей Герасимович, 1891, Генерал-майор; Нач. 84 бр. ополченческой",,,,,С мрт. по 7 мая 1919 г. — Завуч 7-х пехкурсов 7 мая 1919 — 7 мрт. 1922 гг. — Завуч 1-х Московских арткурсов,,481
48,Беймельбург Артемий Эмилиевич,1887,Генерал-майор,"Беймельбург Артемий Эмилиевич, 1887, Генерал-майор; Ком-р бриг",,На 31 окт. 1918 г. — В ВЭК,,,,,482
49,Белой Александр Сергеевич,1909,Полковник,"Белой Александр Сергеевич, 1909, Полковник; Нач. Отдела по службе Генштаба при ГУГШ",,С 10 фвр. 1918 г. — Нач-к Отдела по службе Генштаба ГУГШ Со 2/4 ин. 1919 г. — Помощ. Нач-ка 1-го Отдела ЦУПВОСО,,4 сент. 1918 г. — 31 янв. 1919 г. — Помощ. Наштарм-4; На 4–19 сент. 1918 г. — фактически Наштарм-4,,,482
50,Белопольский Илья Александрович,1882,Полковник,"Белопольский Илья Александрович, 1882, Полковник; Зав. Адм. частью бывшей Канцелярии Военмина",,На нбр. — дек. 1918 г. — в ЗФУ ВЗС,,,,,482
51,Белькович Леонид Николаевич,1889,Генерал от инфантерии,"Белькович Леонид Николаевич, 1889, Генерал от инфантерии; Ком-р 41 АК",Командир корпуса,На 28 нбр. 1918 г. — Нач-к Отдела ВУУ ВГШ; На серед. ил. 1919 г. — Сотруд.- составитель Комис сии по исследов. войны 1914–1918гг.,,,,,482
52,Беляев Александр Иванович,1904,Генерал-майор,"Беляев Александр Иванович, 1904, Генерал-майор; НШ 130 пд.",,На 31 окт. 1918 г. — в ВЭКе; С 15 янв. и на серед. ил. 1919 г. — Нач-к Моботделен. Отдела формиров. Управления Всевобуча,С 23 нбр. 17 г. — в резерве Штаба Киевского ВО,,,,482
53,Беляев Николай Семенович,1899,Генерал-майор,"Беляев Николай Семенович, 1899, Генерал-майор; Нач-к 70 пд.",,На 28 ин. 1918 г. — серед. ил. 1919 г. — Инспектор Гувуза,,,,,483
54,Бенземан Давид Андреевич,1903,Полковник,"Бенземан Давид Андреевич, 1903, Полковник; Шт.-оф. для поруч. при штабе 13 АК",,,,,С 15 мрт. 1919 г. — приватный Препод. 3-х Финских Совет ских пехкурсов; С 21 ил. 1919 г. — Завуч 1-х Петроградских пехкурсов,,483
55,Берендс Константин Юльевич,1913,Полковник,"Берендс Константин Юльевич, 1913, Подполковник; Генкварт Шт. 1 А",,С 1 ин. 1918 г. — Нач. Оперод Оперупра ВГШ; С 1 нбр. 1918 г. — до 2 авг. 1919 г. — Зав. Особым Дел-вом Военотдела ВВИ,С 1 мая по 1 ин. 1918 г. — Нач-к Мобупра Штаба ПриВО,Со 2 авг. 1919 г. — Нач-к Оперупр. Штаба ЮФ,,,483
56,Берман Николай Николаевич,1914,Полковник,"Берман Николай Николаевич, 1914, Подполковник; НШ 50 пд.",,,"С 13 мая до серед. окт. 1918 г. — Наштадив Вологодской, переимен. в Костромскую",Не раньше 15 ил. 1919 г. — до 5 мрт. 1920 г. — Нач-к Развед-отделения Штарма-5,С серед. окт. 1918 г. и на серед. ил. 1919 г. — Завуч Костромских пехкурсов,13 авг. 1918 г. арестован ЧК в Ярославле; освобожден не позд. серед. окт. 1918 г. Продолжил службу в РККА,483
57,Бесядовский Константин Иванович,1909,Полковник,"Бесядовский Константин Иванович, 1909, Полковник; Нач-к Орготделения Управления Дежгена при Главковерхе",,С мрт. и на 29 ил. 1918 г. — Помнач. Оргупра ВВС; Не поздн. лета 1918 г. — Помощ. Нач. Отделен. по формиров. штаба ВВС; С 1 окт. 1918 г. — Помнач. 1-го Отдела ЦУПВОСО РВСР; С 10 мая 1919 г. — до 23 нбр. 1920 г. — Нач-к того же Отдела,,,,,484
58,Биркан Иван Мартынович,1917,Капитан,"Биркан Иван Мартынович, 1917, Капитан; 149 пп. Черноморский",,,На 27 ин. 1918 г. — на долж. Генштаба при Штабе Военрука Смолен. отряда,С 12 ин. и на серед. ил. 1919 г. — Нач. Оперод Штарма-15,,,484
59,Блохин Виктор,,,"Блохин Виктор, учился в АГШ; срок выпуска, последние должность и чин не известны",,До ил. 1918 г. — член ВВИ,,18 ил. — 3 сент. 1918 г. — Командарм-2,,,484
60,Боголепов Василий Ианович,1917,Капитан,"Боголепов Василий Ианович, 1917, Капитан; И. д. Наштадив-3 пехотной",,На 27 ин. 1918г. — Помощ. Упр-щего Канцелярией Наркомвоена; Не раньше 15 ил. 1919 г. — В ПШ РВСР,С 23 ил. 1918 г. — Военрук Московско го Губвоенкомата,С 19 ин. и на серед. ил. 1919 г. — Нач-к Штаба Особого Экспедицион. корпуса ЮФ,,,484
61,Богословский Борис Петрович,1912,Полковник,"Богословский Борис Петрович, 1912, Подполковник; Шт.-оф., зав. обучающимися в АГШ",,,,,С начала янв. — до конца ил. 1918 г. — Препод. в старшем классе 2-ой очереди ускоренных курсов АГШ РККА,У белых: С 29 ил. 1918 г. — зачислен в резерв по Штабу формиров. НА.; На 23 дек. 1918 г. — НШ Екатеринбург. группы войск в армии Колчака; На 9 фвр. 1919 г. — генералмайор; Нач. Штаба Сибирской армии; На 24 фвр. с. г. — в той же должности,485
62,Божко Василий Васильевич,1917,Ротмистр,"Божко Василий Васильевич, 1917, Ротмистр; Помощ. Старад 42 АК",,,На 27 апр. — 14 ин. 1918 г. Нач-к Связи Штаба Вязем. отряда; После 27 ин. — не поздн. 28 нбр. 1918 г. — Нач-к ко манды Связи при штабе Москов. района,,,,485
63,Бойе Владимир Владимирович,1908,Полковник,"Бойе Владимир Владимирович, 1908, Полковник; в распоряж. Военмина",,,На 30 сент. 1918 г. — Комвзвода 2-ой батареи 7-го дивизиона ТАОН (при Адмупре Штаба ЯВО),,,,485
64,Болховитинов Леонид Митрофанович,1898,Генераллейтенант,"Болховитинов Леонид Митрофанович, 1898, Генераллейтенант; Ком-р Корп. на Запад. фр.",Командир корпуса,На мрт. — начало авг. 1918 г. — Помощ. Военрука ВВС по орг работе; Приказом № 643 НВ от 7 авг. 1918 г. уволен по болезни от службы,,,,"При занятии Ека тери нодара Добрармией в авг. 1918 г. арест. белыми; У белых: Предан воен но-полевому суду Добрармии; помилован Деники ным, разжалован в рядовые; в частях Дроздов. дивизии около года (рядовым); С нач. 1920 г. — Военмин Кубанского правительства",486
65,Бонч-Бруевич Михаил Дмитриевич,1898,Генерал-майор,"Бонч-Бруевич Михаил Дмитриевич, 1898, Генерал-майор; Нач. гарнизона г. Могилева",,C 19 нбр. 17 г. по 4 мрт. 1918 г. — НШ Глав коверха; C 4 мрт. по 25/30 авг. 1918 г. — Военрук ВВС; 23 ин. — 22 ил. 1919 г. — Нач. ПШ РВСР,,,,,486
66,Борецкий Алексей Лаврович,1904,Полковник,"Борецкий Алексей Лаврович, 1904, Полковник; Нач. 81 пд.",,С 8 авг. 1918 г. — для поруч. при Оргупр. ВВС; Нбр. — дек. 1918 г. — Старший Дел-ль ЦУПВОСО; С дек. 1918 г. — до авг. 1919 г. — Помнач. Отделения там же,,,,,486
67,Борисов Вячеслав Евстафьевич,1890,Генерал-лейтенант,"Борисов Вячеслав Евстафьевич, 1890, Генерал-лейтенант; Экстраординар. профессор АГШ",,На 4 сент. 1918 г. — при Наркомвоене Подвойском; На 28 нбр. 1918 г. — В распоряж. Нач. ВГШ и ответств. редактор ВИК ВГШ; На 25 дек. 1918 г. — Член Конференции АГШ,,,На 15 ил. 1919 г. — штатный препод. АГШ РККА,,487
68,Борисов Николай Прокофьевич,1885,Генерал-майор,"Борисов Николай Прокофьевич, 1885, Генерал-майор; В резерве чинов при Штабе МинВО",,,До ил. 1919 г. — состоял в охране Северных ж/д,,,,487
69,Борицкий Николай Эдуардович,1909,Полковник,"Борицкий Николай Эдуардович, 1909, Полковник; НШ 8 АК",,,С 27 апр. 1918 г. — Нач. Отдела УралВО; На 28 нбр. 1918 г. — не поздн. 15 ил. 1919 г. — Для поруч. при штабе УралВО,,На 20 ил. 1918 г. — вел практич. занятия по тактике в АГШ РККА,,487
70,Боровский Николай Константинович,1914–1915,Полковник,"Боровский Николай Константинович, 1914–1915, Подполковник; Нач. Отделения ГУГШ",,С 16 апр. 1918 г. — в распоряж. Нач-ка Генштаба.,К лету 1918 г. — Нач. Оперотделения СУОЗ; На 4 сент. 1918 г. — «уволен от службы по болезни»,,,,487
71,Боровский Федор Николаевич,1917,Ротмистр,"Боровский Федор Николаевич, 1917, Ротмистр; обер-офицер для поруч. при штабе 18АК",,,На 23 ин. 1918 г. — на долж. Генштаба в Штабе военрука Ямбургского отряда,,,,487
72,Бородин Матвей Илларионович,1894,Генерал-майор,"Бородин Матвей Илларионович, 1894, Генерал-майор; Директор Александров. КадК",,,,,5 мрт. 1918 г. — 20 мая 1919 г. — Завуч 1-х пехкурсов (Петроград); С 30 апр. 1919 г. Зав. Инструктор. курсами Всевобуча,,488
73,Брендель Виктор Александрович,1908,Полковник,"Брендель Виктор Александрович, 1908/1909, Полковник; И. д. Генерала для поручений при армейском штабе",,,На конец апр. 1918 г. — Нач-к Оперод Штаба Петрог. района СУОЗ,,,У белых: не раньше конца апреля 1918 г.,488
74,Буймистров Владимир Иванович,1894,Генерал-майор,"Буймистров Владимир Иванович, 1894, Генерал-майор; НШ корпуса и НШ дивизии",,,,На серед. ил. 1919 г. — Нач-к Мобупра Штаба НВ Украины; 25 фвр.- 24 апр. 1920 г. — Наштарм-14,,,488
75,Буняковский Владимир Владимирович,1906,Полковник,"Буняковский Владимир Владимирович, 1906 (2-й разряд); Полковник; послед. долж. не известна",,,,,С фвр. 1919 г. — Завуч Казан. пехкурсов; С ил. 1919 г. — Завуч 12-х Киев. пехкурсов,,488
76,Буренин Борис Анатольевич,1918,Штабс-капитан,"Буренин Борис Анатольевич, 1918, Штабс-капитан; Старад штаба 32 д.",,,7–30 сент. 1918 г. — Сотруд. Оперод СВУЗ; 30 сент. 1918 г. — 20 ил. 1919 г. — Нач. Оперод; 20 мая 1919 г. — 20 мрт. 1920 г. — Нач. Оперупра,8 нбр. 17 г. — 30 янв. 1918 г. — Наштадив-32; 30 янв. — 20 мрт. 1918 г. — в распоряжении Начснаба СФ; 27–31 ил. 1918 г. — Наштарм-4 ВФ,,,488
77,Буров Петр Никитич,1903,Генерал-майор,"Буров Петр Никитич, 1903, Генерал-майор; НШ Особой Армии",,С серед. мая — на лето 1918 г. — Инспектор 1 Инспекции формирования частей Завесы при ВВС,С апр. 1918 г. — Военрук Карель. участка; На 1 авг. — Военрук Олонец. участка,На 28 нбр. 1918 г. — Нач-к Оперупра Штаба СФ; С 28 мрт. 1919 г. — Помощ. Нач. ВОСО 12А (1-го формиров.); С ил. 1919 г. — на той же долж. в 14-й армии; В конце ил. — до начала осени 1919 г. — в распоряж. Главкома Каменева,,У белых: С начала осени 1919 г. — «перешел» на сторону « белых» на Юге России. Зачислен в распоря жение Главкома ВСЮР генерала А. И. Деникина,489
78,Бурский Павел Дмитриевич,1898,Генерал-майор,"Бурский Павел Дмитриевич, 1898, Генерал-майор; Ком-р кавполка",,С 1 ин. 1918 г. — Нач-к Оргбюро Бюро при НВ; На 2 нбр. 1918 г. — В Управделами ВСНХ; На серед. ил. 1919 г. — Нач. Отчетного Отде ления ВАО Управдела ми РВСР (1 г. 5 мес.),,,,,489
79,Вадбольский Николай Петрович,1895,Генерал-лейтенант,"Вадбольский Николай Петрович, 1895, Генерал-лейтенант; Ком-р 7 АК Кавказского",Командир корпуса,Ко 2 авг. 1918 г. служил в Оргупр. Штаба ВВС,,,,,489
80,Варфоломеев Николай Ефимович 1917,1917,Штабс-капитан,"Варфоломеев Николай Ефимович 1917, Штабс-капитан; Обер-офицер для поруч. при штабе 24АК",,,5 мая 1918 г. — командирован в Псков для участия в работе русско-герм. погранкомиссии С 22 ил. 1918 г. — Помощ. Наштадива-2 Тверской по Оперчасти С 3 янв. 1919 г. — зачис лен по болезни в резерв ЯВО,С 26 окт. 1918 г. — до 3 янв. 1919 г. — Помощник Наштадив-7 стрелковой по Оперчасти С 5 ил. 1919 г. — Помнач. Разведотдела Штарма-6,,,490
81,Васильев Александр Федорович,1917,Поручик,"Васильев Александр Федорович, 1917, Поручик; 9 пп. Ингерманландский",,,На 16–27 ин. 1918 г. — Нач-к Отделения Штаба Брянского отряда,На 28 нбр. 1918 г. — Нач. Разведод Штаба ВФ На 15 ил. 1919 г. — Нач. Общего Отделения Штаба ВФ,,,490
82,Васильев Василий Дмитриевич,1917,,"Васильев Василий Дмитриевич, 1917/18гг.; 308 пп. Чебоксарский; последний чин не известен",,С 24 мая — не позднее 9 сент. 1918 г. — Нач-к Отделения Оргупр. ВГШ,,,,,490
83,Васильев Николай Петрович,1892,Генерал-майор,"Васильев Николай Петрович, 1892, Генерал-майор",,,,С 18 ин. 1918 г. по 15 нбр. 1919 г. — Младший Помощник Наштадива-11,,,490
84,Васильев Павел Михайлович,1908,Полковник,"Васильев Павел Михайлович, 1908, Полковник; Старад Огенкварта Штаба 6 А",,На начало 1918 г. — Дел-ль 4-го (скандинав.) Отделения 2-го Генкварта ГУГШ; С 8 мая 1918 г. — Нач. Австро-Венгерского Отделения ВСО ВГШ,С 27 апр. 1918 г. Нач. Отдела Штаба ВО,,,В 1918 г. перебрался в Киев; У белых: В Киеве был зачислен в Южную Армию белых. В конце 1918 г. перешел в распоряжение Генкварта ВСЮР и занял пост ответственного редактора газеты «Вестник ДонА»,491
85,Вацетис Иоаким Иоакимович,1909,Полковник,"Вацетис Иоаким Иоакимович, 1909, Полковник; Ком-р 5сп. Латышского Земгальского и Врид. Ком-ра 2 сбр. Латыш. стрелк.; ком-р сд. Латышской",,В нбр. 1917 г. — Нач. Оперод ПШ Ставки Главковерха Н. В. Крыленко; 6 сент. 1918 г. — 9 ил. 1919 г. — Главком все ми вооруж. силами Республики; После 9 ил. 1919 г. — Председ. Особой Комиссии при РВСР,,13 апр. — 17 ил. 1918 г. — Комдив. Латыш. стрелк.; с 11 ил. — на 7 окт. 1918 г. — Главком ВФ,,Арестован ЧК не поздн. 8 ил. 1919 г. в Москве. Освобожден спустя 3 мес. после ареста,491
86,Вдовьев-Кабардинцев Василий Васильевич,1910,,"Вдовьев-Кабардинцев Василий Васильевич, 1910 (2 курса); последний чин не известен",,,,30 снт. —10 нбр. 1918 г. — Наштарм-8; Со 2 дек. 1918 г. — на 15 ил. 1919 г. — Нач. Разведотделения Штарма-8,,,491
87,Везикко,1918,,"Везикко, 1918, последний чин не известен; 15 сп. Финляндский",,,На 4 мрт. 1918 г. прикомандиров. к Нарвской группе отрядов; вышел на связь с Нач. отряда,,,,491
88,Верцинский Эдуард Александрович,1900,Генерал-майор,"Верцинский Эдуард Александрович, 1900, Генерал-майор; В резерве чинов ПВО",,С 31 янв. 1918 г. — 1-й Оберкварт. ГУГШ; С 25 фвр. до серед. мрт. 1918 г. — 1-й Генкварт ГУГШ,,,,,492
89,Верховский Александр Иванович,1911,Генерал-майор,"Верховский Александр Иванович, 1911, Генерал-майор; Военмин ВП",Военный министр,,,Не раньше 1 дек. 1918 г. — не поздн. 15 ил. 1919 г. — Инспектор ВУЗа Западной армии,,В янв. 1918 г. арестован лично Ф. Дзержинским; вскоре освобожд.; 26 ин. с. г. арестован С. Урицким; освобожд. 9 авг. с. г.; на 16 окт. 1918 г. «...оставлен в кач-ве заложника / Петр./ ЧК»; 14 нбр. 1918 г. освобожд. под поруч. большевика Д. Б. Рязанова,492
90,Верховский Сергей Иванович,1892,Генерал-майор,"Верховский Сергей Иванович, 1892, Генерал-майор; Ком-р 4 ппд. Заамурской",,На 3 окт. 1918 г. — зарегистрирован в Пресненском районном Военкомате (г. Москва),,"На 1–15 ил. 1919 г. — в резерве при штабе НВ Украины, а также — Наштадив-35 пограничной",,,492
91,Веселаго Александр Александрович,1902,Полковник,"Веселаго Александр Александрович, 1902, Полковник; Врид. Нач. 107 пд.",,,,10 нбр. — 3 дек. 1918 г. — Наштарм-8; 3 дек. 1918 г. — серед. янв. 1919 г. — Инспектор 8А; до серед. мрт. 1919 г. — Зам. Инспектора ЮФ; до конца апр. 1919 г. — Военрук Таврич. губ.,До нбр. 1918 г. — штатный препод. Костромских Комкурсов (1.5 мес.),,492
92,Веселаго Иван Васильевич,1895,Полковник,"Веселаго Иван Васильевич, 1895 (2-й разряд); Полковник; воспитатель и препод. КадК",,,В 1918 г. — Наштаба Южного сектора по обороне,26 нбр. 1919 г. — до авг. 1920 г. — Наштабриг-2 Отдельной (ТуркА); Затем: Наштадив-1 Туркестанской; С авг. 1920 г. — для поруч. при Команд арме-1 Туркестанской,,,493
93,Виноградов Анатолий Николаевич,1917,Полковник,"Виноградов Анатолий Николаевич, 1917, Подполковник; В штабе 17АК",,На 28 нбр. 1918 г. — Помощ. Консультанта Оперод Наркомвоена; На серед. ил. 1919 г. — Нач-к УОО ПШ РВСР,На 27 апреля — 27 ин. 1918 г. — для особых поруч. в Штабе Военрука Москов. рай. (Нач-к Оперотделения),,,,493
94,Винтер Сергей Викторович,1904,Полковник,"Винтер Сергей Викторович, 1904, Полковник; Инспектор кл. Симбир. КадК",,,В 1918 г. — Помощ. Военрука Симбир. Военкомата,,,,493
95,Витковский Василий Васильевич,1885,Генерал-лейтенант,"Витковский Василий Васильевич, 1885, Генерал-лейтенант; Заслуженный Ординарный профессор АГШ",,,,,На апр. — и до 20 ил. 1918 г. — Препод. АГШ РККА; С 24 янв. 1919 г. — Ординарный профессор ВИнжА; На серед. ил. 1919 г. — Завуч топографических курсов в Петрограде,,493
96,Войтына Иван Антонович,1917,Капитан,"Войтына Иван Антонович, 1917, Капитан; Нач. 120 див.",,С 1 мая 1918 г. прикомандир. к Комиссариату МВО Прик. № 66; После 28 нбр. 1918 г. и на серед. ил. 1919 г. — в распоряж. Гувуза ВГШ,На 27 апр. 18г. — для особых поруч. при Начштаба Тульского отряда,На 28 нбр. 1918 г. — Наштадив Московской кавалерийской (на Востфронте),В 1919 г. — Завуч Пермских пехкурсов,,494
97,Войшин-МурдасЖилинский Ипполит Паулинович,1882,Генерал от инфантерии,"Войшин-МурдасЖилинский Ипполит Паулинович, 1882, Генерал от инфантерии; В резерве чинов при штабе Двинского ВО (с 16 апреля 1917 г. — уволен от службы ВП по прошению с мундиром и пенсией)",,,На 30 сент. 1918 г. — зарегистри рован в Ярославском Губвоенкомате,,На 15 ил. 1919 г. — Препод. 1-х Нижегород. Советских курсов,,494
98,Войшин-МурдасЖилинский Леонид Паулинович,1886,Генерал-лейтенант,"Войшин-МурдасЖилинский Леонид Паулинович, 1886, генерал-лейтенант; Директор Нижегород. КадК",,,На 30 сент. 1918 г. — зарегист. в Ярославском Губвоенкомате,,На 30 сент. 1918 г. — Директор Нижегородской Военной гимназии,,494
99,Волков Борис Иванович,1917,Капитан,"Волков Борис Иванович, 1917, Капитан; НШ 56 пд.",,,На лето 1918 г. — Помощ. Наштадив-4 Петроградской по Оперчасти; На 28 нбр. 1918 г. — для поруч. при Пред сед. Торо шин. ДемарК.,,,,494
100,Волков Вячеслав Евгеньевич,1913,Полковник,"Волков Вячеслав Евгеньевич, 1913, Подполковник; Шт.-оф. для поруч. при Шт. 10 А",,С окт. 1918 г. — Нач. Оперод Оперупра ПШ РВСР,С мрт. 1918 г. — Помощник Наштадив Тульской по Оперчасти,С 25 сент. 1919 г. — состоящий для особых поруч. при Начштаба Туркфронта,,,495
101,Волков Сергей Матвеевич,1900,Генерал-майор,"Волков Сергей Матвеевич, 1900г., Генерал-майор; Дежген. Штаба ЮЗФ",,C дек. 17 г. по фвр. 1918 г. — Помощ. Нач-ка Отдела ВОСО ГУГШ С фвр. до мая 1918 г. — Член ВТК ВХС,Приказом Наркомвоена №1 от 22 ил. 1918 г. назначен Начвосо при Ростовском ВО; К 1 сент. 1918 г. временно прикомандирован к УПВОСО при Московском Округе путей сообщений,,,,495
102,Вольский Андрей Иосифович,1914–1915,Капитан,"Вольский Андрей Иосифович, 1914–1915, Капитан; Врид. НШ 36 д.",,,,14 фвр. 1918 г. — 22 апр. 1919 г. — В распоряж. Штаба Кавказского фронта,"22 апр. 1919 г. — 30 авг. 1920 г. — Завуч 10-х пехотных курсов (видимо, на Кавказе или Украине)",,495
103,Всеволжский Сергей Сергеевич,1895,Генерал-лейтенант,"Всеволжский Сергей Сергеевич, 1895, Генерал-лейтенант; Нач. Отдела ВОСО ГУГШ",,На 4 сент. 1918 г. — нахо дился в распоряж. Нач-ка Генштаба и «участвовал в комиссиях по оргвопросам»,,,,,495
104,Всеволодов Николай Дмитриевич,1905,Генерал-майор,"Всеволодов Николай Дмитриевич, 1905, Генерал-майор; В резерве чинов при штабе ПВО",,,К 11 сент. 1918 г. — Консультант штаба Петроград. Муниципального отряда,11–29 окт. 1918 г. — в распоряжении Командюж. П.Сытина; 29 окт. 1918 г. — 20 апр. 1919 г. — Наштарм-9; 6–16 ин. 1919 г. — Командарм-9,,"На 11 сент. 1918 г. арестован Петроград. ЧК. Освобожден не позднее 11 окт. 1918 г.; У белых: В конце ин. 1919 г. «бежал» к Деникину, перейдя через фронт вместе со своей семьей",496
105,Высоцкий Иван Витольдович,1913,Капитан,"Высоцкий Иван Витольдович, 1913, Капитан; Старад Шт. 20 АК",,С 7 ин. 1918 г. — Старший Дел-ль ВГШ; С 1 авг. — Нач. Разведотделен. С 1 окт. — Нач. Отделе ния Орготдела ВГШ; На 28 нбр. 1918 г. — Нач. Статистич. Отделе ния Оргупра ВГШ,,,Во время службы в ВГШ преподавал военные науки в школе Воен. Комиссаров и в АГШ РККА,,496
106,Вышемирский Сергей Владимирович,1917,Капитан,"Вышемирский Сергей Владимирович, 1917, Капитан; 34-я артбригада",,,С 5 мая — на 27 ин. 1918 г. — в Пскове для участия в работе русско-герм. погранкомиссии,,,,496
107,Габаев Александр Георгиевич,1902,Генерал-майор,"Габаев Александр Георгиевич, 1902, Генерал-майор; Нач. ЭХО Шт. 1 А",,,,С янв. до 4 ин. 1919 г. — Помощ. Начснаба Штарма-11 (2-го формирования) и Нач-к Отделения Дежурств,,,496
108,Гадзяцкий Александр Николаевич,1893,Генерал-майор,"Гадзяцкий Александр Николаевич, 1893, Генерал-майор; Наштакор-2 Гос. ополчения",,,На 15 ил. 1919 г. — Руководитель Военкомата г. Москвы,25 окт. — 27 нбр. 1918 г. — Начдив-2 стрелковой Латышской,,,497
109,Гальслебен Сергей Николаевич,1894,Полковник,"Гальслебен Сергей Николаевич, 1894, Полковник; Помощник Инспектора классов 2-го Москов. КадК",,,,,На 2 дек. 1918 г. — служил на 1-х Московских пехкурсах,,497
110,Гарф Вильгельм Евгеньевич,1910,Полковник,"Гарф Вильгельм Евгеньевич, 1910, Полковник; НШ Корпуса",,С 30 янв. 1918 г. — Помощ. Дел-ля ГУГШ; С 8 мая 1918 г. — Нач-к Отделения ВГШ,,С 1 окт. 1918 г. — Нач. Оперод Штаба ВФ; С 11 нбр. 1918 г. — Нач-к ПУ Штаба ВФ; 3 апр. — 2 мая 1919 г. и 9/31 ил. 1919 г. — 15 янв. 1920 г. — Начштаба ВФ; 8/15 фвр. — 23 ин. 1920 г. — Наштарм-5,,,497
111,Гатовский Александр Николаевич,1913,Полковник,"Гатовский Александр Николаевич, 1913, Полковник; Нач. 8 пд.",,,С 13 ин. 1918 г. — Начштаба образ цовых учебноинструктор. кавалерийских формирований,С 20 окт. 1918 г. до 29 апр. 1919 г. — Наштабриг-2 (Отдельной стрелковой); С 29 апр. и до ил. 1919 г. — Нашта див-6 стрелковой,С 10 ин. и на 15 ил. 1919 г. — Помощ. Завуча ОВКШ,,497
112,Гатовский Владимир Николаевич,1903,Генерал-майор,"Гатовский Владимир Николаевич, 1903, Генерал-майор; В распоряж. НШ СФ",,На 28 нбр. 1918 г. — серед. ил. 1919 г. — Постоян. член ВТК ЦУС (всего в долж. — 1.5 г.),,,,,498
113,Гегстрем Евгений-Александр Элисович,1907,Генерал-майор,"Гегстрем Евгений-Александр Элисович, 1907, Генерал-майор; НШ 45 АК",,,"К 27 апр. до ил. 1918 г. — Начштаба Вяземского отряда, входившего в Мос ковский район обороны; На ил. 1918 г. — Наштадив-2 Московской",,На серед. ил. 1919 г. — Препод. Витебских комкурсов,,498
114,Геккер Анатолий Ильич,1917,Штаб-ротмистр,"Геккер Анатолий Ильич, 1917, Штаб-ротмистр; НШ 3 А",Начальник штаба армии,,"В апр. 1918 г. — Нач штаба К-щего В. АнтоноваОвсе енко; Май— ил. — Комиссар БеломорВО; С авг. 1918 г. — К-щий Вологод. тыл. районом, затем — войск. Котлас. района и Северной Двины; С дек. 1918 г. — Нач-к Астрахан. УРа",С мрт. 1918 г. — Командарм Донецкой; В фвр. — апр. 1919 г. — Начдив-13 стрелк. (8А ЮФ); 16 апр. 1919 г. — 18 фвр. 1920 г. — Командарм-13,,,498
115,Геништа Николай Иванович,1892,Генерал-лейтенант,"Геништа Николай Иванович, 1892, Генерал-лейтенант Нач-к Александров. ВУч (9 лет)",,С ин. 1919 г. — Инспектор ГУВУЗа (10 месяцев),,,,,498
116,Георгули Михаил Михайлович,1918,Капитан,"Георгули Михаил Михайлович, 1918, Капитан; Состоящий для поручений при штабе 3 АК",,,На 4 мрт. 1918 г. прикомандирован к Дновской гр. Отрядов; вышел на связь с Нач. отряда,,,,499
117,Герарди Андрей Андреевич,1906,Генерал-майор,"Герарди Андрей Андреевич, 1906, Генерал-майор; НШ 9 див. Сибирской",,,,1 сент. 1919 г. — 31 янв. 1920 г. — Зав. Оперативностроевым Отделом Штарма Закаспийской,,,499
118,Герберт Александр Владимирович,1912,Капитан,"Герберт Александр Владимирович, 1912, Капитан; 9 сапб.",,,С 14 ин. 1919 г. — по 23 нбр. 1920 г. — Инспектор по обучению Всевобуча Аткарского военкомата,,,,499
119,Геруа Борис Владимирович,1904,Генерал-майор,"Геруа Борис Владимирович, 1904, Генерал-майор; Ординарный профессор АГШ",,На 15 ил. 1919 г. — В распоряж. Нач. ВГШ,На 14 мрт. и до 12 мая 1918 г. — НШ СУОЗ,,На янв. — ил. 1918 г. — Препод. АГШ РККА; На 28 нбр. 1918 г. — Ординарный профессор АГШ РККА,,499
120,Гершельман Владимир Константинович,1911,Полковник,"Гершельман Владимир Константинович, 1911, Полковник; НШ 68, 164 и 64 пд.",,,На 25 ин. 1918 г. — для особых поруч. при Штабе Военрука Тверского отр.; На ил. 1918 г. — Помощ. Наштадив-3 Московской по Оперчасти; После 28 нбр. 1918 г. — на 15 ил. 1919 г. — Завед. Разведотделен. Мобупра ЯВО; Врид. Наштаокр.,На 28 нбр. 1918 г. — Наштадив-7,,,500
121,Гетманцев Иван Романович,1917,Поручик,"Гетманцев Иван Романович, 1917, Поручик; 1-й Л.-Гренадер. полк Екатеринослав.",,,На 14 ин. 1918 г. — Нач-к Отделения Штаба Брян. отряда На ил. 1918 г. — Комбриг-2 2-й Орлов. пех. див.,После 28 нбр. 1918 г. — на серед. ил. 1919 г. — Врид. Комбрига 27 сд.,,,500
122,Гильбих Владимир Петрович,1910,Полковник,"Гильбих Владимир Петрович, 1910, Полковник; Помощ. Нач. Моботдела ГУГШ",,На конец 17 г. — начало 1918 г. — служил в Моботделе ГУГШ,К лету 1918 г. — Нач. Общего Отдела Штаба СУОЗ,,,,500
123,Гиндце Сергей Константинович,1917,Капитан,"Гиндце Сергей Константинович, 1917, Капитан; Шт.-оф. для поруч. при штабе 37АК",,10 дек. 1918 г. — 1 сент. 1920 г. — Нач. отделения Мобупра ВГШ,С 3 мая по 10 дек. 1918 г. — Дел-ль Генштаба при штабе БеломорВО,,,,500
124,Гиссер Георгий Георгиевич,1899,Генерал-майор,"Гиссер Георгий Георгиевич, 1899, Генерал-майор; На июнь — осень 1917 г. — Оберкварт ГУГШ; затем: Экстраординар. профессор АГШ",,На 18 фвр. 1918 г. — служил при Делопр-ве по Службе Генштаба ГУГШ; До окт. 1918 г. работал в Генштабе в Петрограде при большевиках.,,,В янв. — фвр. (и до ил. — предполож.) 1918 г. — Препод. АГШ РККА,На 19 окт. 1918 г. — в командировке в Швеции; в Россию не вернулся,501
125,Глаголев Василий Павлович,1909,Полковник,"Глаголев Василий Павлович, 1909, Полковник; Ком-р 38 сп. Туркестанского",,,С 26 апр. 1918 г. — НШ Военрука Курск. района; 29 апр. — 1 авг. 1918 г. — Военрук Курского района; С 3/15 мая — 23/25 окт. 1918 г. — Начдив-1 Курской пех.,С 25 окт. 1918 г. — по 4 янв. 1919 г. — Командарм Резервной; С 4 янв. до мая 1919 г. — Наштарм УФ; На серед. ил. 1919 г. — Командарм-16; 24 сент. — 16 окт. 1919 г. — Начдив-11 кав. (ЮФ),,,501
126,Гладкий Степан Васильевич,1897,Генерал-майор,"Гладкий Степан Васильевич, 1897, Генерал-майор; Для поруч. при Нач. Управления по ремонт. армии",,На 31 окт. 1918 г. — в ЦУСе РККА,,,,,501
127,Голицын Евгений Михайлович,1917,Полковник,"Голицын Евгений Михайлович, 1917, Подполковник; 10 пп. НовоИнгерманланд.",,На 27 ин. 1918 г. — в ГУВУЗе; На 9 сент. 1918 г. — Нач-к Отделения ГУВУЗа,,,,На 28 нбр. 1918 г. арестован ЧК. Даль нейшая судьба неизвестна,501
128,Головинский Алексей Васильевич,1902,Генерал-майор,"Головинский Алексей Васильевич, 1902, 2 класса Генерал-майор; Ком-р бриг.",,С 20 фвр. 1919 г. — Старший Дел-ль Оргупра Гувуза,Начштаба Самарского УРа (4 месяца),,,,502
129,Голубев Сергей Николаевич,1917,Капитан,"Голубев Сергей Николаевич, 1917, Капитан; Зав. разведкой Шт. 3 АК Кавказского",,,26 мая — 27 ин. 1918 г. — Дел-ль 2-го Отдела Штаба УралВО,На 28 нбр. 1918 г. — в распоряжении Командарма-3; 10 дек. 1918 г. — 8 апр. 1919 г. — Наштадив-13 стрел ковой; С 8 апр. 1919 г. — Нач. Оперод Штарма-8; 8–20 мая 1919 г. — Наштарм-8,,,502
130,Гонтарев Борис Викторович,1911,Полковник,"Гонтарев Борис Викторович, 1911, Полковник; НШ 12 А",Начальник штаба армии,,С 15 мая 1918 г. — не позднее 1–15 ил. 1919 г. — Зав. Отделом формирования и устройства войск Адмупр. Штаба ОрВО,,,У белых: не раньше серед. ил. 1919 г. — одно время Начштаба отряда Шкуро; дек. 1919 г. — мрт. 1920 г. — Начштаба Кубан. Армии; Эвакуир. с Рус. Арм. Врангеля в Галлиполи,502
131,Гончаренко Иван Иванович,1907,Полковник,"Гончаренко Иван Иванович, 1907, Полковник; НШ 134 пд.",,,С 15 окт. 1918 г. — Дел-ль Разведотдела штаба ПВО; На 28 нбр. 1918 г. — Помощ. Нач. Разведот. Штаба ПВО; С 12 апр. и на серед. ил. 1919 г. — Нач-к Разведотдела Мобупра ПВО,,,,502
132,Граужис Иван Иванович,1917,Капитан,"Граужис Иван Иванович, 1917, Капитан; 242 пп. Луковский",,,К 27 апр. 1918 г. — Нач-к Связи Штаба Тульского отряда ЗУОЗ; Ин. — ил. 1918 г. — Завед. Отделом формирования и обучения Нижегород. Губвоенкомата; Ил. — авг. 1918 г. — Наштабриг Нижегород; 11 авг. 1918 г. — янв. 1919 г. — Наштадив-11 пех.; После 28 нбр. 1918 г. — Нач-к Орготдела Штаба Латвии; На серед. ил. 1919 г. — Нач. Орготдела Штарма-15,Янв. — мрт. 1919 г. — Начальник Оперод Штарма-9,,,503
133,Григорьев Иван Евсеевич,1912,Полковник,"Григорьев Иван Евсеевич, 1912, Полковник; Ком-р 29 п. Черниговского",,,С 15 окт. 1918 г. — Военрук Костромского Губвоенкомата,С 29 апр. 1919 г. — Нач-к Оперупр. Штаба Южной группы ВФ,с 27 ин. 1919 г. — Препод. тактики и администр. на Самар. пехкурсах; с 3 авг. 1919 г. — Врид. Завед. указ. курсами,,503
134,Григорьев Федор Леонидович,1914–1915,Капитан,"Григорьев Федор Леонидович, 1914–1915, Капитан; Старад Оперупра Генкварта Шт. 10 А",,С 18/29 мая 1918 г. — для поруч. по Разведчасти при Оперупр. ВВС; С 1 нбр. 1918 г. — и на серед. ил. 1919 г. — Помнач. Оперод ПШ РВСР; На 28 нбр. 1918 г. — Нач. Разведотдела и ПШ РВСР,Летом 1918 г. — На службе в штабе ЯВО,,,,504
135,Григорьев Юрий Иванович,1917,Капитан,"Григорьев Юрий Иванович, 1917, Капитан; Старад 7 кавд.",,На лето — 28 нбр. 1918 г. — ПомощникКонсультант Оперод НВ; На 25 дек. 1918 г. — Член Конференции АГШ,Не раньше 4 мрт. 1918 г. — в Штабе Нарвского УР,,На 15 ил. 1919 г. — Зав. обучающ. слушателями и группами слушателей по практич. занятиям в АГШ РККА,,504
136,Гришин Федор Никитич,1917,Капитан,"Гришин Федор Никитич, 1917, Капитан 22 сп. Сибирский",,,На лето 1918 г. — Нач. ОВК в 4-й Петроградской дивизии На 28 нбр. 1918 г. — Нач-к Отдела Штадива-4 Петроградской,После 28 нбр. 1918 г. — на серед. ил. 1919 г. — Наштабриг Сводной стрелковой (бывшая 1-я Московская рабочая),,,504
137,Гришинский Алексей Самойлович,1898,Генерал-майор,"Гришинский Алексей Самойлович, 1898, Генерал-майор; Нач. Штаба МВО",,С 28 окт. 1918 г. — Воен рук 4-й Комиссии ВВИ; На серед. ил. 1919 г. — Младший Инспектор ЦУПВОСО ПШ РВСР; Воен. картограф Комиссии по иссслед. опыта войны 1914–1918 гг.,С 27 апр. и на авг. 1918 г. — Начштаба МВО; На 28 нбр. 1918 г. — Помощ. Военрука МВО,,,,504
138,Громов Николай Васильевич,1917,Капитан,"Громов Николай Васильевич, 1917, Капитан; Старад Шт. 2АК Сибирского",,На 2/16 нбр. 1918 г. — Докладчик по оргвопросам в ВХС; служил в ЗФУ,С 10 фвр. — на 30 мая 1918 г. — Нач-к Карель. отряда (СУОЗ) На 25–27 ин. 1918 г. — Дел-ль Статистич. Отдела Штаба ЯВО,С 16 нбр. 1918 г. — по 1 апреля 1919 г. — Для особых поруч. при УПВОСО СФ; 1 апр. — 5 мая 1919 г. — Помощ. Нач. Отдела УПВОСО ЗФ; 5 мая — 25 ин. 1919 г. — Врид. Нач. 2-го Отдела УПВОСО ЗФ; С 25 ин. 1919 г. — 28 фвр. 1920 г. — Наштадив-11; 3 мрт. — 22 ин. 1920 г. — Нашта див-8,,,505
139,Громыко Иван Ильич,1911,Полковник,"Громыко Иван Ильич, 1911, Подполковник; Нач. Отделения Угенкварта штаба Гл-щего ЮЗФ",,С 1 ин. 1918 г. — Старший Дел-ль Отдела Севфронта Оперупра ВГШ,,,,,505
140,Грудзинский Михаил Цезариевич,1902,Генерал-майор,"Грудзинский Михаил Цезариевич, 1902, Генерал-майор; Нач-к Москов. Окружного ВХУ",,На 28 нбр. 1918 г. — Врид. Помощника Глав. Нач-ка ЦУС РККА; До 10 фвр. 1919 г. — Врид. Глав. Нач-ка ЦУС РККА,,,,,505
141,Грундштрем Александр Георгиевич,1902,Полковник,"Грундштрем Александр Георгиевич, 1902, Полковник; Ком-р 8 пп. Особого",,С мая по нбр. 1918 г. — руководил работой ВСО ВГШ; Одновременно с мая 1918 г. — во главе отделения Ближнего и Среднего Востока при ВСО; С 24 ил. 1919 г. — Помощ. Нач. Орготдела Оперупра ВГШ,,,,,506
142,Грюнберг Г. Э.,1917,Капитан,"Грюнберг Г. Э., 1917, Капитан; Помощник Старада Огенкварта Штаба 12А",,На 31 ил. 1918 г. — Дел-ль при ВЗС; На 4 нбр. 1918 г. — Старший Дел-ль ЗФУ при ВЗС; Приказом от 4 нбр. 1918 г. «уволен с зани маемой должности за самовольное оставление службы»,,,,,506
143,Гук Георгий Карлович,1909,Полковник,"Гук Георгий Карлович, 1909, Полковник; В резерве чинов при штабе ПВО",,К 20 ил. 1918 г. — Старший Дел-ль Романского Отделения ВСО ВГШ,,,,,506
144,Гулевич Арсений Анатольевич,1892,Генерал-лейтенант,"Гулевич Арсений Анатольевич, 1892, Генерал-лейтенант; Ком-р 21 АК",Командир корпуса,,На осень 1918 г. — зарегистрирован в Штабе СУОЗ,На ил. 1919 г. — Врид. Нач. Хозотдела Полевого строительства 6-й армии.,,,506
145,Гумберт Николай Петрович,1917,Полковник,"Гумберт Николай Петрович, 1917, Полковник; Командир полка",,С 24 мая — не поздн. 9 сент. 1918 г. — Нач-к Отделен. Оргупр. ВГШ,,,,,506
146,Гурко-Омельянский Николай Николаевич,1917,Полковник,"Гурко-Омельянский Николай Николаевич, 1917, Подполковник; Нач. ОВК Шт. 2АК Сибирского",,,С 1 мая 1918 г. — Зав. Разведод ЯВО,,На серед. ил. 1919 г. — Завуч Ивано-Вознесен. пехкурсов,,507
147,Гуртих Александр Матвеевич,1907,,"Гуртих Александр Матвеевич, 1907 (2-й разряд), Помощ. Инспектора классов Ташкент. ВУч; последний чин не известен",,,,,В нбр. 18- 19гг. — Инспектор классов Ташкентских пехкурсов,,507
148,Гуртовенко Харитон Власьевич,1917,Штабс-капитан,"Гуртовенко Харитон Власьевич, 1917, Штабс-капитан; 117 пп. Ярославский",,,На 27 ин. — 28 нбр. 1918 г. — Помощ. Наштадив-4 Петроградской по Оперчасти,На серед. ил. 1919 г. — Помнач. Штаба Сводной сд.,,,507
149,Гусаковский Петр Николаевич,1917,Капитан,"Гусаковский Петр Николаевич, 1917, Капитан; НШ 1 пд.",,С 20 мрт. 1918 г. — Зав. Наблюдат. Бюро по эвакуации грузов и учреждений Военного ведомства,,,С 5 сент. 1918 г. — Зав. 1-ми Петроград. пехкурсами С 8 сент. 1919 г. — Зав. Военно-инженерным техникумом,,507
150,Гутор Александр Евгеньевич,1898,Генерал-майор,"Гутор Александр Евгеньевич, 1898, Генерал-майор; Уволен в отставку 12 дек. 1914г.",,,На 15 ил. 1919 г. — Нач. Разведотдела Штаба Западного ВО,На 28 нбр. 1918 г. — Зав. Оперчастью 2-ой стрелковой бри гады 3-й стрелк. див.,,,507
151,Гутор Алексей Евгеньевич,1895,Генерал-лейтенант,"Гутор Алексей Евгеньевич, 1895, Генерал-лейтенант; Гл-щий ЮЗФ",Главнокомандующий фронтом,С авг./ сент. 1918 г. — по май 1920 г. — Председ. Комиссии по переработке Полевого Устава при Оргупре ВГШ,,,,,508
152,Гущинский Вячеслав Николаевич,1910,Полковник,"Гущинский Вячеслав Николаевич, 1910, Полковник; НШ 3пд.; С 28 сент. 1917 г. — в распоряжении НШ ЮЗФ",,Апр. — ин. 1918 г. — Помнач. Разведотделен. ВВС; С ин. 1918 г. до янв. 1919 г. — Старший Дел-ль Отдела по устройству и боевой подготовке войск Оргупр. ВГШ,,,,,508
153,Давыдов Анатолий Иванович,1906,Полковник,"Давыдов Анатолий Иванович, 1906, Полковник; НШ 18 АК",,,На 27 сент. 1918 г. — при Орловском Губвоенкоме,С 15 янв. 1919 г. — Нач. Оперупра Штарма УФ; С 16 ин. — на 15 ил. 1919 г. — Нач-к Оперод Штарма-12,,,508
154,Давыдов Антоний Дмитриевич,1901,Генерал-майор,"Давыдов Антоний Дмитриевич, 1901, Генерал-майор; Нач. ВТО Штаба ПриамурВО",,С 23 мая до 31 авг. 1918 г. — Нач. Северного ВТО по КВТ,,,,31 авг. 1918 г. расстрелян в Кронштадте,508
155,Далер Владимир Вильгельмович,1902,Полковник,"Далер Владимир Вильгельмович, 1902, Полковник; В распоряжении Нач-ка Генштаба",,С 21 мрт. — до 14 авг. 1918 г. — Нач-к Оргупр. Штаба ВВС; С 1 нбр. 1918 г. — на серед. ил. 1919 г. — Нач-к Адмупра ПШ РВСР,,,,,508
156,Данилов Николай Александрович,1893,Генерал от инфантерии,"Данилов Николай Александрович, 1893, Генерал от инфантерии; К-щий 2 А",Командующий армией,,На серед. ил. 1919 г. — В распоряжении Штаба ПВО,,С 11 окт. 1918 г. — Препод. АГШ РККА,,509
157,Данилов Сергей Иванович,1914–1915,Полковник,"Данилов Сергей Иванович, 1914–1915, Подполковник; НШ 2 сд.",,С 30 нбр. 1918 г. — Помнач. Оперчасти ПШ РВСР,,,,,509
158,Данилов Юрий Никифорович,1892,Генерал от инфантерии,"Данилов Юрий Никифорович, 1892, Генерал от инфантерии; при Нач-ке Генштаба",,В фвр. 1918 г. — в распоряж. ГУГШ; С 9 мрт. 1918 г. — включен в состав Комиссии военспецов по выработке плана преобразования военного центра для реорганизации армии. Разработанный комиссией план не был утвержден СНК; 25 мрт. 1918 г. — вышел в отставку и уехал на Украину,,,,,509
159,Дзичканец Борис Алексеевич,1891,Генерал-лейтенант,"Дзичканец Борис Алексеевич, 1891, Генерал-лейтенант; Нач. 29 пд.",,,,,С 20 окт. 1918 г. — на серед. ил. 1919 г. — Помощ. Завуча Курских пехкурсов,,509
160,Диков,1917,Подъесаул,"Диков, 1917, Подъесаул; 8 казп. Донской",,,На 20 ин. 1918 г. — Нач. Отдела штаба ЗУОЗ,,,,509
161,Дистерло Николай Александрович,1897,Генерал-майор,"Дистерло Николай Александрович, 1897, Генерал-майор; Ком-р 11 кавд.",,На 28 нбр. 1918г. — Инспектор кавалерии ВВИ,К лету 1918 г. — Инспектор кавалерии при Штабе СУОЗ,С 24 мая до 1 ил. 1919 г. — прикомандиров. к Штабу ВФ; На серед. ил. 1919 г. — эвакуирован по болезни в Петроград,,,510
162,Дитц Отто Германович,1909,Полковник,"Дитц Отто Германович, 1909, Полковник; Зав. слушат. АГШ",,С 19 апр. 1918г. — Помнач. ГО КВТ С 3 авг. 1918 г. — Врид. Нач. того же Отдела,,,,,510
163,Дмитриев Август Александрович,1888,Генерал-лейтенант,"Дмитриев Август Александрович, 1888, Генерал-лейтенант; Ком-р 6 АК",Командир корпуса,,На 5 дек. 1918 г. — при Военкомате г. Москвы,,,В 1919 г. расстрелян ЧК по «обвинению в антисовет. деят-ти»,510
164,Дмитриев Григорий Николаевич,1912,Полковник,"Дмитриев Григорий Николаевич, 1912, Подполковник НШ 52 пд.",,,На 4 ин. 1918 г. — Завед. Разведод шт. БеломорВО; На 28 нбр. 1918 г. — Начштаб Архангель. района,На 15 ил. 1919 г. — Наштадив-18 стрелковой,,,510
165,Добрышин Александр Федорович,1897,Генерал-лейтенант,"Добрышин Александр Федорович, 1897, Генерал-лейтенант; Ком-р Кавказ. гд.",,,На серед. авг. 1918 г. — Помощ. Военрука СУОЗ,С 31 дек. 1918 г. и на серед. ил. 1919 г. — В распоряж. К-щего ЗФ,,,510
166,Добрышин Филипп Николаевич,1886,Генерал-лейтенант,"Добрышин Филипп Николаевич, 1886, Генерал-лейтенант; НШ КазанВО",,На 28 нбр. 1918 г. — Постоян. член ВТК ЦУС РККА; После 28 нбр. 1918г. — до 1 ил. 1919 г. — Помнач. Моботдела Мобупра ВГШ,,,,,510
167,Долгов Дмитрий Александрович,1884,Генерал от инфантерии,"Долгов Дмитрий Александрович, 1884, Генерал от Инфантерии; в резерве чинов при штабе МВО",,На 28 нбр. 1918 г. — Ответст. редактор ВИК ВГШ; На 15 ил. 1919 г. — Сотрудниксоставитель комиссии по исследованию и использованию войны 1914–1918 гг.,,,,,511
168,Долинский Иосиф Николаевич,1917,Полковник,"Долинский Иосиф Николаевич, 1917, Подполковник; 117 пп. Ярослав.",,На серед. ил. 1919 г. — находился в Госпитале (Петроград) на излечении,На 27 ин. 1918 г. — в Штабе Новгородского участка,,,,511
169,Доможиров Николай Николаевич,1917,Капитан,"Доможиров Николай Николаевич, 1917, Капитан; на обер-офицер должности при штабе 2 пд.",,На 27 ин. 1918 г. — Консультант Оперод Наркомвоен; На серед. ил. 1919 г. — в распоряжении Главкома,На лето 1918 г. — Нач-к Отделения Связи Штаба СУОЗ,На 28 нбр. 1918 г. — Нач. Штаба СФ; После 28 нбр. 1918 г. и до 1 ил. 1919г. — Нач-к Штаба ЗФ,,Арестован не раньше конца ин.— начала ил. 1919 г. в Москве. В нбр. 1919 г. освобожден и продолжил службу в РККА,511
170,Дорофанкин Алексей Алексеевич,1902,Полковник,"Дорофанкин Алексей Алексеевич, 1902, Полковник; Интендант 34 АК",,В апр. 1918 г. — в Демоботделе ГИУ; 1 мес. — Нач-к Отдела в Армейском Хозкомитете РККА; 1 мес. — Управделами в ЦУС; С 1 авг. 1918 г. по 1 окт. 1920 г. — постоянный член Техкома ЦУСа (1 г. 10 мес.),,,,,511
171,Драновский Сергей Николаевич,1913–1914,Полковник,"Драновский Сергей Николаевич, 1913–1914, Подполковник; Шт.-оф. по авиации Уген-кварта Шт. СФ",,,На 28 нбр. 1918 г. — 15 ил. 1919 г. — Нач. Моботдела ВХУ МВО,,,,512
172,Фон Дрейлинг Роман Константинович,1908,Полковник,"Фон Дрейлинг Роман Константинович, 1908, Полковник; в штатном составе преподавателей АГШ; шт.-оф., зав. обучающимися в АГШ офицерами",,В мрт. 1918 г. направлен в Кубанскую область и Ставрополь. губ. в качестве Генералквартирьера АГШ,,,В мае — и до 20 ил. 1918 г. — Завед. слушателями и препод. АГШ РККА,,512
173,ДробышДробышевский Феликс Михайлович,1914,Полковник,"ДробышДробышевский Феликс Михайлович, 1914, Подполковник; Шт.-оф. для поруч. при Штабе 27 АК",,,С 12 мая 1918 г. — Нач-к Моботдела Мобупра Штаба ЯВО; На 28 нбр. 1918 г. — Дел-ль Штаба ЯВО; На 15 ил. 1919 г. — Завед. Оперод Штаба ЯВО,,,На 15 ил. 1919 г. — расстрелян ЧК,512
174,Дроздовский Андрей Дорофеевич,1913,Капитан,"Дроздовский Андрей Дорофеевич, 1913 (2-й разряд), Капитан; Об.-оф. для поруч. в шт. 4 сбр.",,,,Май-ил. 1919 г. — Наштадив-1 Бессарабской (ОдесВО),,,512
175,Дроздовский Николай Иванович 1917,1917,Штабс-капитан,"Дроздовский Николай Иванович 1917, Штабс-капитан; 127 пп. Путивльский",,"На серед. ил. 1919 г. — «болен, находится на излечении в госпитале»",На лето-начало окт. 1918 г. — состоящий для поруч. при Нач. Штаба СУОЗ,,,"На 7 дек. 1918 г. — арестован ЧК, нахо дился в Петр-де и ходатайстуется об освобожд.; На 15 ил. 1919 г. — болен; на излечении в госпитале",513
176,Дубинин Роман Иванович,1898,Генерал-майор,"Дубинин Роман Иванович, 1898, Генерал-майор; в резерве чинов при штабе КиевВО",,,С 27 апр. — на 28 нбр. 1918 г. — Нач. Мобупра Штаба ЯВО; На серед. ил. 1919 г. — НШ УралВО,,,,513
177,Дубинин Тимофей Данилович,1917,Есаул,"Дубинин Тимофей Данилович, 1917, Есаул; Адъютант Штаба 14АК",,С 1 апр. 1918 г. и в течение 2-х летИнспектор ГУВУЗа,,,,,513
178,Дубов Леонид Иосифович,1914,Полковник,"Дубов Леонид Иосифович, 1914– 1915, Подполковник; Нач-к Разведотделения Штаба 12 А",,,С 1 ил. 1918 г. — НШ Вяземского отряда; С 3 авг. — Помощ. Наштадива-3; Московской (центр — г. Тверь),С 20 сент.-Комбат связи 3-й дивизии; На 28 нбр. 1918 г. — Помощ. Наштадива-3 стрелковой; После 28 нбр. 1918 г. — Наштадив-1 Кавалерийской; На серед. ил. 1919 г. — Нач. Оперод Штарма-4; 6 янв. — 25 февр. 1920 г. — Наштарм-4,,,513
179,Дулов Михаил Афанасьевич,1917,Полковник,"Дулов Михаил Афанасьевич, 1917, Подполковник; Нач-к Разведотдела 25АК",,,С 26 мрт./ апр. 1918 г. — Нач. Отделения штаба ЗУОЗ,На 10 окт. — 20 нбр. 1918 г. — не поздн. фвр. 1919 г. — Нач. Разведотдела Штаба Западной Армии; С 10 мрт. — на серед. ил. 1919 г. — Нач-к Разведотдела в Штарме-16,,,514
180,Душкевич Александр Александрович,1912,Полковник,"Душкевич Александр Александрович, 1912, Подполковник; НШ 9 пд.",,,С 30 апр.1918 г. — Военрук. Нижегород. губернии; На 29 ин. — 28 нбр. 1918 г. — Военрук Нижегород. ГВК; На серед. окт. 1918 г. — одноврем. Военрук Нижегород. дивизии,6 мрт. — 3 ил. 1919 г. — Наштарм-13; На серед. ил. 1919 г. — в распоряж. РВС ЮФ; 10 авг. 1919 г. — 23 мая 1920 г. — Наштарм-9; на серед. ил. 1919 г. — в распоряж. РВС ЮФ,,,514
181,Дьяков Владимир Аврамеевич,1909,Полковник,"Дьяков Владимир Аврамеевич, 1909, Полковник; в распоряж. НШ Запад. фр.",,,,С 27 нбр. 1918 г. — Нач. 3-го Отдела УПВОСО Запад. фр.; Со 2/6 фвр. 1919 г. — Помнач. того же УПВОСО,,,514
182,Дьяков Георгий Семенович,1917,Есаул,"Дьяков Георгий Семенович, 1917, Есаул; Старад штаба 44 пд.",,,На 1 ин. — 8 ил. 1918 г. — Военрук Новозыбков. отря да (группы) ЗУОЗ; С 1 ил. 1918 г. — Комбриг-1 2-ой Орловской пехд. К 1 авг. 1918 г. — Военрук Правого участка Брянск. отряда; С 17/18 авг. 1918 г. — до 27 мрт./ на серед. лета 1919 г. — Зав. Разведод Штаба ОрВО,На лето 1919 г. — Нач-к Оперод 14 А,,,515
183,Дягилев Валентин Павлович,1903,Генерал-майор,"Дягилев Валентин Павлович, 1903, Генерал-майор; Нач-к ВОСО ПВО",,,С 23 фвр. 1918 г. — Нач-к УПВОСО ПВО,,С 9 сент. 1918 г. — Преподаватель в Военно-инженерном техникуме С 15 нбр. 1919 г. — Преподаватель ВИнж А,,515
184,Евреинов Константин Леонидович,1900,Генерал-майор,"Евреинов Константин Леонидович, 1900, Генерал-майор; НШ 28 АК",,,На 26 ил. 1918 г. — зарегистрир. в Вологодском ГВК,,К осени 1918 г. — раньше 15 ил. 1919 г. — Завед. 1-ми Вологод. пехкурсами; К осени 1919 г. — Препод. и Завед. 2-х Вологодских пехкурсов,,515
185,Егорьев Владимир Николаевич,1901,Генерал-лейтенант,"Егорьев Владимир Николаевич, 1901, Генерал-лейтенант; Ком-р 39 АК",Командир корпуса,Сент. 1918 г. — мрт. 1919 г. — инспектировал войска РККА; Апр.-ил. 1919 г. — Инспектор Пехоты ПШ РВСР,С 19 мрт./ 8 апр. — до 11 сент. 1918 г. — Военрук ЗУОЗ,13 ил. — 11 окт. 1919 г. — К-щий Южфронтом,,,516
186,Елизаров Николай Степанович,1904,Генерал-майор,"Елизаров Николай Степанович, 1904, Генерал-майор; НШ 21 АК",,С авг. 1918 г. — 1-й Помнач. Оперод Оперупра ВГШ; После 28 нбр. 1918 г. — не поздн. 15 ил. 1919 г. Помнач. Орготдела Оргупра ВГШ,На 30 апр.-1 авг. 1918 г. — Военрук Витебского отряда ЗУОЗ,,На 9–15 дек. 1918 г. — Препод. тактики пехоты в АГШ РККА; На 15 ил. 1919 г. — Штатный Препод. АГШ РККА,,516
187,Елчанинов Андрей Георгиевич,1894,Генерал-лейтенант,"Елчанинов Андрей Георгиевич, 1894, Генерал-лейтенант; Ординарный профессор АГШ",,,На лето 1918 г. — Прикомандирован к Оперод Штаба СУОЗ,,На мрт. — и до 20 ил. 1918 г. — Препод. АГШ РККА,На 12 сент. 1918 г. «под арестом в ЧК». Нач-к ВГШ А. Свечин обращ-ся с просьбой об освобожд. к Председ. ЧК Петрограда «для немедлен. командирования в Арзамас в распоряж. Главкома Вацетиса»; Дальнейш. судьба не известна,516
188,Ермолин Павел Иванович,1912,Полковник,"Ермолин Павел Иванович, 1912, Подполковник; НШ 111 пд.",,,С мая — на лето 1918 г. — прикомандирован к Инженерному Отделу штаба СУОЗ; С ин. 1918 г. — в распоряж. Упр. Нач-ка инженеров,С 20 окт. 1918 г. — Нач-к Оперод Штарма-5; 22 нбр. 1918 г. — 27 ил. 1919 г. — Наштарм-5,,,517
189,Ермолов Николай Николаевич,1914,Полковник,"Ермолов Николай Николаевич, 1914, Подполковник; Старад Штаба 34 АК",,,,После 28 нбр. 1918 г. — командирован в Штарм-3; С 25 ин.-на серед. ил. 1919 г. — Нач-к Оперод Штакора Особого,На начало окт. 1918 г. — Помощник Завуча 1-х советских военных ж/д. курсов; На 28 нбр. 1918 г. — Помощ. Завуча 1-х Советских военных курсов в Торжке,,517
190,Ерофеев Григорий Кириллович,1913,Полковник,"Ерофеев Григорий Кириллович, 1913, Полковник НШ 27 пд.",,,На 15 мая — 7 ил. 1918 г. — Военрук Рославльского района (отряда); На 7–29 ил. 1918 г. — Начдив-1 Орлов. пех.,После 28 нбр. 1918 г. — серед. ил. 1919 г. — Начдив Уральской пд. (ил. — дек. 1918 г. — в составе 4А),,29 ил. — 5 авг. 1918 г. «...арестован в Рославле...»; бежал во время конвоирования в Москву; на серед. ил. 1919 г. — освобожден,517
191,Ефремов Андрей Федорович,1917,Капитан,"Ефремов Андрей Федорович, 1917, Капитан; 13 сп.",,,К лету 1918 г. — Помощник Нач-ка Разведотделения Штаба СУОЗ,,,,517
192,Жданко Никодим Никодимович,1898,Генерал-майор,"Жданко Никодим Никодимович, 1898, 2-й разряд; Генерал-майор; Ком-р артбриг.",,,С 27 апр. 1918 г. — Помнач. Артиллерии 4-й Петроград. див.; С 1 авг. 1918 г. — Нач-к Арт. Мологской див.,С 16 нбр. 1918 г. — до 15 ин. 1919 г. — Начдив-1 стрелковой; С 16 фвр. 1919 г. — Нач-к Петроградской Оборонительной группы,,,518
193,Жданко Павел Никодимович,1899,Полковник,"Жданко Павел Никодимович, 1899, Подполковник; Препод. военной географии в Тверском Кавуч",,,,,С 1 фвр. 1918 г. — Препод. 1-х Советских кавкурсов; С 1 мрт. 1919 г. — до окт. 1920 г. — Завуч 1-х Московских кавкурсов,,518
194,Жданов Николай Александрович,1903,Генерал-майор,"Жданов Николай Александрович, 1903, Генерал-майор; Военрук Орши",,,15 мая — 15 ин. 1918 г. — Военрук Оршанской группы ЗУОЗ; 6 ил. — 28 нбр. 1918 г. — Военрук МВО,20 мрт. — 3 ин. 1919 г. — К-щий 11А (2-го формирования); На серед. ил. 1919 г. — в распоряж. Командарма-12,,,518
195,Желенин Макарий Александрович,1896,Генерал-майор,"Желенин Макарий Александрович, 1896, Генерал-майор; послед. долж. не известна",,,В 1918–1919гг. — Симбирский Губвоенрук,,,,518
196,Желтышев Владимир Александрович,1898,Генерал-майор,"Желтышев Владимир Александрович, 1898, Генерал-майор; НШ 36 АК",,,,После 28 нбр. 1918 г. — Врид. Нач-ка Разведотделения Штарма-8; 12–21 мрт. — Наштарм-8; С 27 ин. и на 15 ил. 1919 г. — Нач-к Общего Отдела Штарма-8,,,519
197,Жихор Константин Иванович,1909,Полковник,"Жихор Константин Иванович, 1909, Полковник; Дел-ль ГУГШ",,На начало 1918 г. — Дел-ль ГУГШ; С 8 мая по 5 сент. 1918 г. — Нач-к ВАО ВСО ВГШ,,,,5 сент. 1918 г. арестован ЧК в Москве «...по обвинен. в причастности к контррев...»; на окт. 1918 г. — 8 янв. 1919 г. не освобожден; в апр. 1919 г. по постановлению Коллегии ВЧК заключен в концлагерь (Покровский) «до конца гражд. войны». Затем срок заключения был сокращен до 5 лет,519
198,Жуков Владимир Яковлевич,1906,Полковник,"Жуков Владимир Яковлевич, 1906, Полковник; Дел-ль ГУГШ",,На янв. — фвр. 1918 г. — Дел-ль в Отделен. по устройству тыла ГУГШ; С 22 ил. 1918 г. — Начальник Отделения по устройству тыла Оперод Оперупра ВГШ,,С 1 окт. 1918 г. — не поздн. 1 ил. 1919 г. — Нач-к Разведотделения Штарма-3,,,519
199,Забегалов Николай Яковлевич,1917,Полковник,"Забегалов Николай Яковлевич, 1917, Подполковник; Шт.-оф. для поруч. при штабе 1АК",,,Апр.-авг. 1918 г. — Нач-к Отделения Штаба Рязан. Военрука; Авг. 1918 г. — 20 янв. 1919 г. — Старший Помощ. НШ Рязан. пд.,На 28 нбр. 1918 г. — Помощник Наштадив-2 стрелковой С 28 янв. 1919 г. — НШ Запад. стрелковой,,,520
200,Загородний Михаил Андреевич,1917,Полковник,"Загородний Михаил Андреевич, 1917, Подполковник/ полковник; Старад Оперод Генкварта Штаба 6 А",,,С 1 янв. 1918 г. — Нач-к Оперод Штаба ОдесВО; С 16/18 апр. 1918 г. — до 25 авг. 1919 г. — Нач-к Отдела формирования войск Штаба Одес. Окрвоенкома та,,,,520
201,Загребин Авенир Дмитриевич,1917,Капитан,"Загребин Авенир Дмитриевич, 1917, Капитан; Об.-оф. для поруч. при Штабе 24 АК",,,На 9–10 мая 1918 г. Наштадив Самарской,,Не раньше лета — осени 1919 г. — Препод. 2-х Сибир ских пехкурсов,8 ин. 1918 г. оказался в распоряжении Комуча при взятии чехами Самары; У белых: На 24 фвр. 1919 г. — Наштабриг Ижевской у Колчака,520
202,Загю Михаил Михайлович,1902,Генерал-майор,"Загю Михаил Михайлович, 1902, Генерал-майор; Помнач. ВОСО театра военных действий и Помнач. Демобупр. при Ставке Главковерха",,С 8 мрт. 1918 г. — Помощ. Нач-ка ВОСО ВВС; С 24 ин. /10 ил. 1918 г. — Нач-к ВОСО ВВС; На 28 нбр. 1918 г. — Врид. Нач-ка ВОСО Штаба РВСР Со 2 дек. 1918 г. — до 12 мая 1919 г. — В распоряж. Нач-ка ПШ РВСР; с 12 мая — на серед. ил. 1919 г. — Помнач. ВГШ,,,,Не поздн. 31 янв. 1919 г. — арестован; на 12 мая 1919 г. — освобожден,520
203,Зайончковский Андрей Медардович,1888,Генерал от инфантерии,"Зайончковский Андрей Медардович, 1888, Генерал от инфантерии; Ком-р корп.",Командир корпуса,На 28 нбр. 1918 г. — бывший Старш. Дел-ль ВСО Оперупра ВГШ,,3 ил. 1919 г. — 26 фвр. 1920 г. — Наштарм-13,,На 28 нбр. — 3 дек. 1918 г. арест. ЧК; находится в Петрограде; к 8 янв. 1919 г. — под стражей в ВЧК в Москве; не поздн. начала фвр. 1919 г. — освобожден,521
204,Зайченко Захарий Иванович,1898,Генерал-майор,"Зайченко Захарий Иванович, 1898, Генерал-майор; Ком-р 33 АК",Командир корпуса,С 28 фвр. 1918 г. — Инспектор по формиров. красноармей. частей в 8-й армии (до демобилизации); С 18 авг. до 15 сент. 1918 г. — В распоряж. Нач-ка ВГШ; В дек. 1918 г. — служил в ВВИ,С 14/26 апр. — не поздн. 18 авг. 1918 г. — Начштаба ЯВО; с 30 ил. до начала авг. 1918 г. — также и Военрук ЯВО; С 25 сент. — до конца нбр. 1918 г. — Военрук ПриВО; С 30 дек. 1918 г./ 6 янв. 1919 г. — до 19 нбр. 1920 г. — Военрук ОрВО; С серед./ конца окт. 1919 г. — Нач-к Военч. ОрВО («по совместит.») (5 мес.),С 1 окт. 1919 г. — Начштаба Южного района обороны,,,521
205,Залесский Петр Иванович,1895,Генерал-майор,"Залесский Петр Иванович, 1895, Генерал-майор; НШ 28 АК",,,К 1 авг. 1918 г. — Военрук Льговского участка ЗУОЗ,,,,521
206,Замбржицкий Виктор Альфонсович,1911,Полковник,"Замбржицкий Виктор Альфонсович, 1911, Полковник; НШ 20 АК",,,На лето 1918 г. — служил в СКВО (предположит.),На конец окт. 1918 г. — находился при Штабе ЮФ (предположительно),,Не поздн. 4 нбр. 1918 г. — «перешел» вместе с А. Л. Носовичем на сторону Донской Армии П. Н. Краснова; У белых: К концу 1918 г. — в Донской Армии; Наштакор-2 Донского; в 1919 г. — генерал для поруч. при Глав коме ВСЮР,522
207,Зарубаев Владимир Николаевич,1911,Полковник,"Зарубаев Владимир Николаевич, 1911, Полковник; Нач-к Штаба Свеаборгской крепости",,,,В авг. 1919 г. и в январе 1920 г. — На Северном фронте,После 28 нбр. 1918 г. и на серед. ил. 1919 г. — Завуч Тамбовских пехкурсов,,522
208,Зарубин Николай Александпрович,,,"Зарубин Николай Александпрович, Генштаба (срок выпуска, последние чин и должность не известны)",,,На окт. —28 нбр. 1918 г. — Председ. 5-й КПК (на ст. Унеча) при штабе 2 Орловской пехдивизии,,,,522
209,Затеплинский Виктор Константинович,1914–1915,Полковник,"Затеплинский Виктор Константинович, 1914–1915, Подполковник; Штаб-офицер по авиации Шт. 5А",,,На 27 сент. 1918 г. — при Воронежском ГВК,"С 20 окт. 1918 г. — на серед. 1919 г. — Нач-к Отделения воинских перевозок УПВОСО ЮФ, а затем — Врид. Нач-ка ВОСО ЮФ",,,522
210,Захаров Иван Александрович,1914,Полковник,"Захаров Иван Александрович, 1914, Подполковник; 7 сп. Финлянд.",,,,11 ил. — 15 авг. 1918 г. — Наштарм-1; На 28 нбр. 1918 г. — до ил. 1919 г. — в Штарме-1,,,523
211,Захаров Павел Александрович,1917,Штабс-капитан,"Захаров Павел Александрович, 1917, Штабс-капитан; на обер-офицер. должн. при штабе 2АК (Туркестанского)",,,На лето 1918 г. — Наштадив. Старорусской (затем — 2-й Новгородской),На 28 нбр. 1918 г. — Нач-к ПУ Штарма-1; На 15 ил. 1919 г. — Нач-к Оперод Штарма-1,,,523
212,Захаров Петр Матвеевич,1894,Генерал-лейтенант,"Захаров Петр Матвеевич, 1894, Генерал-лейтенант; Нач-к 18 пд.",,На 1 нбр. 1918 г. — в Отделе топлива ВСНХ,,,,,523
213,Защук Иосиф Иосифович,1908,Полковник,"Защук Иосиф Иосифович, 1908, Полковник; НШ 3 гпд.",,,29 апр. — 5 авг. 1918 г. — НШ и Помощ. Военрука Воронеж. района и Наштадив-1 Воронежской; 5 авг. — 11 сент. 1918 г. — НШ ЮУОЗ,11 сент. — 12 нбр. 1918 г. — Врид. НШ Южфронта; Со 2 янв. — не поздн. 1 ин. 1919 г. — Нач-к Оперод войск Курского направления (затем — Штарма-13); Затем: Помнач. Оперупр. Штаба Южфронта,,,523
214,Земцов Михаил Никанорович,1912,Полковник,"Земцов Михаил Никанорович, 1912, Подполковник; НШ 194 пд.",,С 13 ин. — до окт. 1918 г. — Нач-к Регистр. Отделения при Оперупр. Штаба ВВС; С 1 нбр. 1918 г. — на 15 ил. 1919 г. — Нач-к Оперод ПШ РВСР,,,,,523
215,Зиверт Вольдемар Генрихович,1917,Капитан,"Зиверт Вольдемар Генрихович, 1917, Капитан; 9 сп. Сибирский",,После 28 нбр. 1918 г. и на серед. ил.1919 г. — Помнач. Агентур. Отдела Региступра ПШ РВСР,На лето 1918 г. — Помнач. Разведотделения Штаба СУОЗ,,,На 7 дек. 1918 г. арестован ЧК в Петрограде; на серед. лета 1919 г. — освобожден,524
216,Зилитинкевич Дмитрий Иванович,1893,Генерал-майор,"Зилитинкевич Дмитрий Иванович, 1893, Генерал-майор; Инспектор классов ВУч",,"На 2 дек. 1918 г. — в ВСНХ, Главспич.",,,,,524
217,Зильберман Константин Николаевич,1913,Полковник,"Зильберман Константин Николаевич, 1913, Подполковник; НШ 178 пд.",,,На 15 ин. — 8 ил. 1918 г. — НШ Курск. отряда; На 28 нбр. 1918 г. — Председ. КПК Курск. района,После 28 нбр. 1918 г. и не поздн. 15 ил. 1919 г. — Наштадив-9 стрелковой,,,524
218,Златолинский Владимир Александрович,1903,Полковник,"Златолинский Владимир Александрович, 1903, Полковник; Ком-р 232 пп. Радомысльского",,,,,С 23 нбр. 1918 г. — до 12 янв. 1920 г. Препод. 2-х Советских командных арткурсов (г. Петроград),,524
219,Зорин Владимир Петрович,1897,Полковник,"Зорин Владимир Петрович, 1897, Полковник; Нач-к Отделения ГУГШ",,,С 1 нбр. 1918 г. — Нач-к Канцеляр. Старшего Дел-ля и Помнач. транспортного Отдела Петроград. ГВК,,,,524
220,Зундблад Александр Оскарович,1901,Генерал-майор,"Зундблад Александр Оскарович, 1901, Генерал-майор; Помощ. Нач-ка Отдела устройства и службы войск ГУГШ",,С 9 янв. — не поздн. 9 окт. 1918 г. — Врид. Нач-ка (с 24 мая 1918 г. — Помнач.) Отдела по уст ройству и боевой под готовке войск ГУГШ (ВГШ); На 3 апр. 1918 г. — уполн. для выдачи справок формир-я и учета вооруж. сил РСФСР; С 21 ил./ авг. 1919 г. — Нач-к Отдела по устр-ву и службе войск ВГШ; в Комиссии по переработке уставов,,С 9 окт. 1918 г. — до 21 ил./ авг. 1919 г. — Нач-к Оперод Штарма-2; 13 дек. 1918 г. — 23 фвр. 1919 г. — Врид. Наштарм-2,,,525
221,Иванов Александр Михайлович,1898,Генерал-майор,"Иванов Александр Михайлович, 1898, Генерал-майор; Ком-р 187 пд.",,,С 25 сент. 1918 г. — Завед. Всевобуч. и Уездный Инсп-р с и. о. Помощ. Воен кома Весьегонского уезд. Военкомата; На 28 нбр. 1918 г. — 15 ил. 1919 г. — Военрук Весьегон ского уч-ка; 16 янв. 1919 г. — утвержден в должн. Инсп-ра Всевобуча; 18 авг. 1919 г. — утвержден в долж. Военрука там же,,,,525
222,Иванов Борис Михайлович,1911,Полковник,"Иванов Борис Михайлович, 1911, Полковник; НШ Сводной Кавказской дивизии",,К 20 ил. 1918 г. — Младший Дел-ль Роман. Отделения ВСО ВГШ; На 28 нбр. 1918 г. — Нач-к Отдела Оперупра ВГШ,После 28 нбр. 1918 г. — не поздн. 1 ил. 1919 г. — Военрук Киргизского Военкомата,,,,526
223,Иванов Василий Петрович,1906,Полковник,"Иванов Василий Петрович, 1906, Полковник; Классный Институтор Алексеевского училища",,,,С 15 ин. 1919 г. — Нач-к Оперод Штаба Особого корпуса,С 15 фвр. 1918 г. — Завуч 1-х Московских пехкурсов; С ин. 1918 г. — Завед. теми же курсами С нбр. 1918 г. — Завуч тех же курсов,,526
224,Иванов Григорий Константинович,1917,Капитан,"Иванов Григорий Константинович, 1917, Штабскапитан; 114 пп. Новоторжский",,,На 26 ин. 1918 г. — в Штабе УралВО; На 27 ин. 1918 г. — в Штабе СУОЗ; к 1 авг. 1918 г. — Военрук Ямбург. участка СУОЗ,На 28 нбр. 1918 г. — в ДемарК на Запад. фр.,,,526
225,Иванов Константин Владимирович,1908,Полковник,"Иванов Константин Владимирович, 1908, Полковник; Нач-к 4 д. Финляндской",,"С 3 ил. 1918 г. — не поздн. ил. 1919 г. — Нач-к 3-го Отдела УПВОСО ВГШ, затем — РВСР",,,,,526
226,Ивановский Владимир Александрович,1910–1914,Полковник,"Ивановский Владимир Александрович, 1910–1914, Подполковник; Врид. НШ 29 К",,На 5 сент. — 28 нбр. 1918 г. Старший Дел-ль ВСО Оперупра ВГШ,,С 13 мрт. и на серед. ил. 1919 г. — Помнач. Оперод Штазапа,,5 сент. 1918 г. арестован ЧК в Москве; освобожден не раньше 8 янв. 1919 г.,527
227,Ивановский Сергей Степанович,1917,Штабс-капитан,"Ивановский Сергей Степанович, 1917, Штабс-капитан; Старад штаба Сводной Кавказ. пехдивизии",,,На лето 1918 г. — Начштаба ЗУОЗ; На июль — осень 1918 г. — Помощ. Наштадива-2 Орлов. пехотной по Опер части,К концу 1918 г. — Помнач. Оперод Штарма и УФ(9 мес.); 1 год — Нач-к Оперод Штарма-12,,,527
228,Ивасиев Яков Клементьевич,1917,Штабс-капитан,"Ивасиев Яков Клементьевич, 1917, Штабс-капитан; Старад Штакора-3",,На 27 ин. 1918 г. — в ГУВУЗе (Отдел Всевобуча),,На 28 нбр. 1918 г. — Генкварт. Штарма-5; После 28 нбр. 1918 г. — до серед. ил. 1919 г. — Нач-к Оперод Штарма-5; 27 ил. — 3 дек. 1919 г. — Наштарм-5,,,527
229,Иващенко Михаил Иванович,1911–1914,Полковник,"Иващенко Михаил Иванович, 1911–1914, Подполковник; Помощ. Нач-ка 1-го Отделения ГУГШ",,На начало 1918 г. — Помнач. 1-го Отделен. ГУГШ; С 7 ин. — до 1 сент. 1918 г. — Нач-к 4-го Отделен. Орготдела Оргупра ВГШ,,,,,527
230,Изместьев Петр Иванович,1900,Генерал-майор,"Изместьев Петр Иванович, 1900, Генерал-майор; Комендант Ревельской крепости",,,,,На серед. ил. 1919 г. — Завуч Финских комкурсов; кроме того — Препод. 1-х пехот. и 1-х арткурсов в Петрограде,,528
231,Ильин Евгений Павлович,1917,Капитан,"Ильин Евгений Павлович, 1917, Капитан; Врид. НШ 18 пд.",,С 15 мая и на 27 ин. 1918 г. — Нач-к Оргот дела Всевобуча ГУВУЗа; С 1 янв. 1919 г. — Помнач. Орготдела в Главупре Всевобуча,15 мрт. — 15 мая 1918 г. — Начштаба Рославльского отряда ЗУОЗ,С 23 фвр. 1918 г. — для поруч. при Наштазап.,,,528
232,Иностранцев Михаил Александрович,1901,Генерал-майор,"Иностранцев Михаил Александрович, 1901, Генерал-майор; Ординарный Профессор АГШ",,,,,В янв. — ил. 1918 г. — Профессор АГШ РККА,Эвакуирован большевиками с АГШ в Казань 23–24 ил. 1918 г.; У белых: На 22 авг. 1918 г. — при Самар ском ВП Ординар. профессор АГШ; На 21 окт. 1918 г. — в Томске Ординарный профессор АГШ при Сибирской армии; На 24 фвр. 1919 г. — Профессор АГШ у Колчака,528
233,Исаев Владимир Константинович,1908,Полковник,"Исаев Владимир Константинович, 1908, Полковник; Помощ. Нач-ка Отдела ВОСО ГУГШ",,На конец 17 г. — начало 1918 г. — Помнач. Отдела ВОСО ГУГШ; С 8 мая 1918 г. — Помнач. 1-го Отдела УПВОСО ВГШ; На 28 нбр. 1918 г. — Помнач. 1-го Отдела УПВОСО РВСР,,,,,529
234,Исаев Евгений Иванович,1917,Капитан,"Исаев Евгений Иванович, 1917, Капитан; 8 бригада ТАОН",,После 28 нбр. 1918 г. и на начало ил. 1919 г. — для поруч. при Главкоме После осв-я нах-ся в распоряж. Нач-ка ВГШ,На 27 ин. 1918 г. — Консультант при Штабе Онежской озерно-речной флотилии СУОЗ,На 28 нбр. 1918 г. — Помнач. Отдела Штаба СФ,С 12 дек. 1919 г. — Штатный Руководитель АГШ,Арестован не раньше конца ин. — не поздн. нач. ил. 1919 г. в Москве; в нбр. 1919 г. — освобожден,529
235,Искрицкий Евгений Андреевич,1899,Генерал-лейтенант,"Искрицкий Евгений Андреевич, 1899, Генерал-лейтенант; Нач-к Отдела ГУГШ",,На начало 1918 г. — Нач-к Отдела ГУГШ,К 1 авг. 1918 г. — Военрук Старорусского участка и Начдив-2 Новгородской,1–28 нбр. 1918 г. — Командарм-7,С 24 апр. и на 15 ил. 1919 г. — Штатный Препод. 1-х арткурсов (г. Петроград),,529
236,Йозефович Феликс Доминикович,1887,Генерал-майор,"Йозефович Феликс Доминикович, 1887, Генерал-майор; Нач-к ополчен. частей СФ",,,С 26 апр. — до 15 мая 1918 г. — Военрук МВО (отчис лился вследствие болезни),,,,529
237,Кабалов Александр Иванович,1904,Генерал-майор,"Кабалов Александр Иванович, 1904, Генерал-майор; НШ 7 АК Сибирского",,,С 27 апр. 1918 г. — на серед. ил. 1919 г. — Нач-к Адм упра Штаба МВО,,,,529
238,Кабалов Иван Иванович,1900,Полковник,"Кабалов Иван Иванович, 1900, Подполковник; Ком-р батареи",,,,С 15 янв. 1919 г. — Начштаба Упр. Артиллерией Запасной дивизии,С 12 мая 1919 г. — по 3 ил. 1920 г. — Завед. обучением слушателей АГШ РККА,,530
239,Кадников Николай Иванович,1917,Капитан,"Кадников Николай Иванович, 1917, Капитан; 8 сп. Финляндский",,,На лето 1918 г. — Зав. Разведчаст. Штадива Олонецкой (Петрозавод.) На лето 1918 г. — прикомандир. к Инженерному Отделу Штаба СУОЗ,На 28 нбр. 1918 г. — Наштадив-19 стрелк.; На серед. ил. 1919 г. — Наштадив-7 стрелковой,,,530
240,Кадомский Дмитрий Петрович,1890,Генерал-майор,"Кадомский Дмитрий Петрович, 1890, Генерал-майор; В резерве КиевВО",,С авг. 1919 г. — Инспектор Главупра Всевобуча(2.5 мес.);,Не раньше 8 мрт. 1919 г. — Нач-к Адмупр. КиевВО (6 мес.) НШ Тульского УР (1 мес.),,,,530
241,Кадошников Андрей Федорович,1903,Генерал-майор,"Кадошников Андрей Федорович, 1903, Генерал-майор; Ком-р 77 пд.",,На 9 сент. 1918 г. — Нач-к Отделения Моботдела Оргупра ВГШ,Не поздн. 30 сент. 1918 г. — в штабе ЯВО; На 30 сент. 1918 г. — до фвр. 1919 г. — Наштаокр. МВО,С февр. 1919 г. — Командарм-11; 27/30 апр. — 12 ин. 1919 г. — Наштарм-11 (обе-2- го формиров.); На серед. ил. 1919 г. — в распоряж. Начштаба ЮФ,,,530
242,Казаков Сергей Матвеевич,1917,Капитан,"Казаков Сергей Матвеевич, 1917, Капитан; 481 пп. Мещовский",,,К 30 ин. 1918 г. — прикомандир. к Оперод штаба СУОЗ (в отпуску по болезни),,,,531
243,Казачков Александр Михайлович,1900,Полковник,"Казачков Александр Михайлович, 1900г., 2-й разряд Полковник; Помощ. Инспектора классов Алексеев. ВУч",,,,,В 1918–1919гг. — Завуч 1-х Московских пулеметных курсов,,531
244,Калашников Константин Константинович,1918,Штабс-капитан,"Калашников Константин Константинович, 1918, Штабс-капитан; Врид. Старад Оперод Штаба 28АК",,,С 1 окт. 1918 г. — до 16 мрт. 1919 г. — Помощник Коменданта ж/д. участка Петроград — Варшава,В 1918–20гг. — на СФ в составе 7-й армии,,,531
245,Калюжный Иван Семенович,1913–1914,Полковник,"Калюжный Иван Семенович, 1913–1914, Подполковник; НШ 111 пд.",,,С 12 мая 1918 г. — Дел-ль Штаба ОрВО; С 1 ин. 1918 г. — Помнач. 1-го Отдела Мобупра ОрВО; С 1 ил./ на 28 нбр. 1918 г. — там же Нач-к Отдела; С 21 янв. 1919 г. — для поручений при комиссаре ПриВО,С 20 ил. 1919 г. — Помнач. Оперод Штаба ЮФ (более полугода),,,531
246,Каменев Сергей Сергеевич,1907,Полковник,"Каменев Сергей Сергеевич, 1907, Полковник; НШ 15 АК",,С 8 ил. 1919 г. — Главком всеми Вооруженными силами Республики,В мрт. — на 1 авг. 1918 г. Военрук Невель ского отряда ЗУОЗ; В авг. 1918 г. Военрук Смолен. Отряда и Помощ. Военрука ЗУОЗ,После 7 окт. 1918 г. — 2/5 мая 1919 г. — К-щий ВФ,,,532
247,Каменский Михаил Павлович,1901,Генерал-майор,"Каменский Михаил Павлович, 1901, Генерал-майор; Помощ. Нач-ка Генштаба",,С 11 янв. 1918 г. — Товарищ Нач-ка Генштаба; На 20 фвр. 1918 г. — Помнач. Генштаба; На 28 нбр. 1918 г. — Ответств. Ред-р ВИК ВГШ,,С 6 янв. и на серед. ил. 1919 г. — Нач-к Адмупра Штаба ЮФ,,,532
248,Каменский Сергей Николаевич,1899,Генерал-майор,"Каменский Сергей Николаевич, 1899/1900, Генерал-майор; В распоряж. Нач-ка Генштаба",,С 31 янв. 1918 г. — Оберкварт. ГУГШ; 2 мес.: Председ. ЛК ГУГШ; С 8 мая 1918 г. и до 23 ил. 1919 г. — Нач-к ВИЧ ВГШ С 23 ил. 1919 г. — Зам. Инсп-ра ВОСО ВВИ (8 мес.),,,,,532
249,Камкин Николай Иванович,1917,Штабс-капитан,"Камкин Николай Иванович, 1917, Штабс-капитан; Старад Штаба 3 сд. Туркестан",,,С 19 мрт. и на 27 ин. 1918 г. — Для особых поручений в Вяземском отряде; С 13 ил. 1918 г. — Помощник Наштадив-2 Московской,С 18 окт. 1918 г. — Зав. Оперчастью 3-й бригады 3-й стрелк. див.; С 13 нбр. 1918 г. — Наштабриг-3 3-й стрелк. див.; С 13 нбр. 1919 г. — Врид. Наштадив-3,,,532
250,Камнев(Петерс) Владимир Николаевич,1894,Генерал-майор,"Камнев(Петерс) Владимир Николаевич, 1894, Генерал-майор; С 20 ил. 1916г. — до середины авг. 1917 г. — Нач-к АГШ; Затем — в резерве ПВО",,,,,В мрт. 1918 г. вел практические занятия по тактике в старшем классе АГШ; После 28 нбр. 1918 г. — и на 15 ил. 1919 г. — Завед. 1-ми кавкурсами в Петрограде,,533
251,Канненберг Василий Ричардович,1903,Полковник,"Канненберг Василий Ричардович, 1903 (2-й разряд), Полковник; Военный цензор",,На 25 дек. 1918 г. — Член Конференции АГШ РККА,,,На 9–15 дек. 1918 г. — Препод. теории съемки в АГШ РККА,,533
252,Каньшин Петр Павлович,1893,Генерал-лейтенант,"Каньшин Петр Павлович, 1893, Генерал-лейтенант; Нач-к 4 кавбриг. Отдельной",,,"На 28 нбр. 1918 г. — Председ. Гдовской ДемарК, Не раньше серед. 1919 г. — не поздн. 16 нбр. 1920 г. — НШ Комвойск ВНУС УралВО",С 6 фвр. и на середину ил. 1919 г. — Прикомандирован к Штарму-7 (По болезни в отпуску),,,533
253,Капустин Николай Яковлевич,1911,Полковник,"Капустин Николай Яковлевич, 1911, Полковник; Нач-к Отдела при Штабе Главковерха и штатный преподаватель военных наук в АГШ",,На 25 дек. 1918 г. — Член Конференции АГШ РККА,,,На июль 1918 г. — вел практич. занятия в АГШ РККА; Снова в РККА: С 18 дек. 1918 г. — Завед. слушат. АГШ; На ил. — сент. 1919 г. — Завед. слушат. и Завед. группами слушателей по практическим занятиям в АГШ РККА; С сент. 1919 г. — еще и Препод. АртА,"У белых: на 22 авг. 1918 г. в Екатеринбурге, значился штатным преподавателем «белой» АГШ при правит-ве Самарского Комуча",534
254,Каратыгин Петр Петрович,1917,Штабс-капитан,"Каратыгин Петр Петрович, 1917, Штабс-капитан; на обер-офицер. должн. при штабе 8 сд.",,,С 1 мрт. 1919 г. — НШ Уральской группы,С 8 дек. 1918 г. — Завед. Оперч. погран. бриг.; с 1 апр. 1919 г. — Начальник Оперотделен. Штаба ТуркА; с 14 авг. 1919 г. — Нач-к Оперупра Штаба Туркфр.; с 22 сент. 1919 г. — Нач-к Оперупра Штаба Южфр.,С 10 окт. 1918 г. — Препод. тактики на 1-х Саратов. комкурсах,,534
255,Карачан Рафаил Рафаилович,1917,Полковник,"Карачан Рафаил Рафаилович, 1917, Полковник; Помощ. Нач-ка Отделения ГУГШ",,На конец 17 г. — начало 1918 г. — Помнач. Отделения ГУГШ; С 24 мая — не позднее 9 сент. 1918 г. — Нач-к Отделен. Оргупра ВГШ,,,,,535
256,Карелов Александр Александрович,1914–1915,Капитан,"Карелов Александр Александрович, 1914–1915, Капитан; Врид. НШ АК",,,,"С 26 сент. 1918 г. до 4 апр. 1919 г. — Нач-к Адмупр. Штарма-6, С 4 апр. 1919 г. — Врид. Наштарм-6",,,535
257,Карклин Вильгельм Яковлевич,1913,Полковник,"Карклин Вильгельм Яковлевич, 1913, Подполковник; Шт.-оф. для поруч. при Штабе 37 АК",,,На 15 сент. 1918 г. — Зав. Оперчастью Штаба Смолен. ВС,На 28 нбр. 1918 г. — в резерве 17-й стрелк. див.,На серед. ил. 1919 г. — Завуч Витебских пехкурсов,,535
258,Карликов Вячеслав Александрович,1898,Генерал-майор,"Карликов Вячеслав Александрович, 1898, Генерал-майор; Ком-р пд.",,Не позднее 24 мрт. 1920 г. — в распоряж. Нач-ка ВГШ,В 1919 г. — в распо ряжении Штаба ЗападноСибирского ВО,,,,535
259,Карлсон Карл-Георг Карлович,1906,Полковник,"Карлсон Карл-Георг Карлович, 1906, Полковник; Дел-ль Герман. Огенкварта-2 ГУГШ",,На конец 1917 — начало 1918 гг. — Дел-ль Отдела ГУГШ; На 28 нбр. 1918 г. — Нач-к Отделен. ВСО Оперупр. ВГШ,,,После 28 нбр. и на серед. ил. 1919 г. — Завуч Военной Школы армий Советской Латвии,,535
260,Карпенко Александр Саввич,1899,Полковник,"Карпенко Александр Саввич, 1899 (2 кл. 2-й разряд), Полковник; Врид. Нач-ка Елизаветград. Кавуч",,,,После 19 нбр. 1919 г. — Помнач. Отдела по ремонту кавалерии 1-ой Конной Армии,До нбр. 1919 г. — Штатный Преподаватель кавкурсов в Елизаветграде,,536
261,Касаткин Василий Николаевич,1911,Полковник,"Касаткин Василий Николаевич, 1911, Полковник; Штаб-офицер, Зав. обучающ. в АГШ",,,,,В янв. — до 20 ил. 1918 г. — Препод. АГШ в РККА,23–24 ил. 1918 г. — эвакуирован больше виками с АГШ в Ка зань; У белых: На 15 авг. 1918 г. — «для обслу живания штабов и частей НА Комуча»; Член Конференции АГШ постоян. состава; На 24 фвр. 1919 г. — Главначвосоверх у Колчака,536
262,Кельчевский Евгений Анатольевич,1912,Полковник,"Кельчевский Евгений Анатольевич, 1912, Полковник; Нач-к Огенкварта Штаба Главкома ЮЗФ",,,,15 авг. — 13 сент. 1918 г. — Наштарм-2,,,536
263,Кеппен Андрей Георгиевич,1914,Полковник,"Кеппен Андрей Георгиевич, 1914, Подполковник; Шт.-оф. для поруч. при Штабе 16 АК",,,Наштабриг-3 района Лужской дивизии (5 дней.); 1–27 мая 1918 г. — Зав. Оперчастью той же бригады; 25 авг. по 26 сент. 1918 г. — Комбриг-3 в 4-й Петроградской пехдивизии; 26 сент. — 16 окт. 1918 г. — Комбриг-1 там же,16 окт. 1918 г. — 19 фвр. 1919 г. — Комбриг-1 6-й стрелк. див. После 28 нбр. 1918 г. — Нач-к Оперод Штарма-7; 23 фвр. — 10 апр. 1919 г. — Начдив-10; На серед. ил. 1919 г. — Нач-к Штаба Север. группы Запад. фр.; 6–24 сент. 1919 г. — Врид. Начдив-2 стрелковой,,,537
264,Кирпичников Алексей Владимирович,1917,Капитан,"Кирпичников Алексей Владимирович, 1917, Капитан; Старад при Штабе 4АК Сибирского",,,С 12 апр. — до окт. 1918 г. — Нач-к Оперод Штаба Рязанского отряда и Зав. Оперчастью 1-ой бригады 1-ой Рязанской дивизии,С 5 окт. 1918 г. — до 23 апр. 1919 г. — Наштабриг 2-й стрелк. див.; С 23 апр. 1919 г. — Помощ. Наштарм Латвии и одновре м. Наштадив-2 Латышской,,,537
265,Киселев Николай Александрович,1917,Капитан,"Киселев Николай Александрович, 1917, Капитан; 42-я артбригада",,На 27 ин. 1918 г. — Военный Консультант Оперод Наркомвоен,,,,,537
266,Киященко Геогиий Титович,1908,Полковник,"Киященко Геогиий Титович, 1908, Полковник; Преподаватель военных наук",,,,,В январе — до 20 ил. 1918 г. — преподавал в АГШ РККА,Оставлен в Екатерин бурге при эвакуации большевиками АГШ в Казань (23–24 ил. 1918 г.) «в составе комиссии для заведывания и охраны оставленного казен. имущества»; У белых: С 29 ил. зачислен в резерв по штабу формиров. НА Комуча; 7 авг. 1918 г. — вызван в Омск «...для назначения на должности строевые или Генштаба...»; На 24 фвр. 1919 г. — Преподаватель АГШ у Колчака,538
267,Клембовский Владислав Наполеонович,1885,Генерал от инфантерии,"Клембовский Владислав Наполеонович, 1885, Генерал от Инфантерии; Гл-щий СФ",Главнокомандующий фронтом,На 28 нбр. 1918 г. — и на серед. ил. 1919 г. — Постоянный член ВЗС и Председатель ВИК ВГШ,,,,,538
268,Климовецкий Александр Карлович,1917,Ротмистр,"Климовецкий Александр Карлович, 1917, Ротмистр; Врид. Нач-ка Заамурской конной дивизии",,,С 30 мая 1918 г. — Помнач. Связи Штаба Твер. отряда; С 15 ин. — для особых поручений при Штабе Твер. отряда; С 8 по 29 ил. — Завопер ч. 1-й бриг. 3-й Москов. див.; С 29 ил. 1918 г. — Пом-к НШ по строевой части 3-й Московской див.; С 30 сент. 1918 г. — по 12 мрт. 1919 г. — Врид. Наштадив-3 Московской,На 28 нбр. 1918 г. — Завоперчастью в бригаде 1-ой дивизии,На серед. ил. 1919 г. — Препод. Тверских кавкурсов,,539
269,Климович Антон Карлович,1904,Генерал-майор,"Климович Антон Карлович, 1904, Генерал-майор; Ком-р 6 пд.",,На 28 нбр. 1918 г. — до ин. 1919 г. — Нач-к АГШ РККА; На 25 дек. 1918 г. — Член Конференции АГШ РККА,С 15 мрт. 1918 г. — Военрук Козловского Уездного Военкомата,С ин. 1919 г. — К-щий Южной группой армий ВФ,,,539
270,Клюев Леонид Лаврович,1914–1915,Полковник,"Клюев Леонид Лаврович, 1914–1915, Подполковник; Штаб-офицер для поруч. при Штабе 5 АК",,,На 15 ин. — 30 сент. 1918 г. — Помощ. Военрука Нижегород. ГВК,На 28 нбр. 1918 г. — Нач-к Оперод Штаба ЮФ; С 26 дек. 1918 г. — Наштарм-10; 26 мая — 28 дек. 1919 г. — Командарм-10,,,539
271,Ковалевский Александр Николаевич,1910,Полковник,"Ковалевский Александр Николаевич, 1910, Полковник; Нач-к Отделения контрразведки Штаба МинВО",,Апр.-май 1918 г. — Помнач. Оперупр. ВВС по разведке,С 23 мая — до авг. 1918 г. — Нач-к Мобупр. Штаба СКВО,С сент. 1918 г. — Нач-к Оперод Штаба ЮФ,,За лето 1918 г. арестовывался чекистами дважды: не позднее 22 июня и 10 августа. После 5 ноября с. г. был арестован в третий раз и теперь уже расстрелян,540
272,Ковалевский Павел Германович,1917,Капитан,"Ковалевский Павел Германович, 1917, Капитан; Старад Штаба 15-й пехдивизии",,,,После 28 нбр. 1918 г. — Наштадив-7 стрелковой,,,540
273,Кожевников Александр Васильевич,1914–1915,Полковник,"Кожевников Александр Васильевич, 1914–1915, Подполковник; Младший шт.-оф. для дел-ва и поруч. при Угенквартверхе",,С 15 мая 1919 г. — Врид. Наблюдателя Отделения научных исследований Геодезотдела ВТУ ВГШ,,,25 фвр. 1918 г. — и на 15 мая 1919 г. — вел практические занятия по геодезии и астрономии в АГШ РККА,,540
274,Козаков Владимир Гаврилович,1904,Полковник,"Козаков Владимир Гаврилович, 1904, Полковник; Нач-к 2-ой Петербург. школы прапорщиков",,,,С 8 нбр. 1918 г. по 15 янв. 1919 г. — для поруч. при Командюж.; С 16 янв. и на серед. ил. 1919 г. — Нач-к Орготдела Штаба ЮФ,,,540
275,Козловский Степан Станиславович,1887,Генераллейтенант,"Козловский Степан Станиславович, 1887, Генераллейтенант; Нач-к ВТС СевероЗападного пограничного пространства",,С 23 мая 1918 г. — Нач-к Запад. ВТО по КВТ; На 28 нбр. 1918 г. — серед. ил. 1919 г. — Нач-к Отдела ВТУ ВГШ,,,,,541
276,Коленковский Александр Константинович,1912,Полковник,"Коленковский Александр Константинович, 1912, Подполковник; Старад Огенкварта Штаба 3 А",,,С 3 апр. 1918 г. — Начштаба Невельско го района и отряда; С 16 ил. 1918 г. — Наштадив Витебской; С 8 авг. 1918 г. — Врид. Начдива-1 Витебской; С 29 апр./1 мая 1919 г. — на 15 ил. 1919 г. — Военрук ПриВО,С 16/28 сент. — 1918 г. — 3/29 апр./ 1 мая 1919 г. — НШ ВФ,,,541
277,Кольшмидт Виктор Брунович,1894,Генерал-майор,"Кольшмидт Виктор Брунович, 1894, Генерал-майор; Ком-р 63 пд.",,,,После 28 нбр. 1918 г. — Нач-к Общего Отдела Оперупра УФ; С 16 ин. — до 8 дек. 1919 г. — Нач-к Общего Отдела Опер упра Штарма-12,,,541
278,Колюбакин Борис Михайлович,1885,Генерал-лейтенант,"Колюбакин Борис Михайлович, 1885, Генерал-лейтенант; Ординарный Профессор АГШ",,,,,В янв. — до 20 ил. 1918 г. — преподавал в АГШ РККА;,23–24 ил. 1918 г. — эвакуирован большевиками с АГШ в Казань; У белых: На 24 фвр. 1919 г. — Профессор АГШ у Колчака,542
279,Комаров Виктор Викторович,1905,Полковник,"Комаров Виктор Викторович, 1905 (2 класса); Полковник; В распоряжении Нач-ка Генштаба",,На 3 сент. 1918 г. — на учете Главного ВХУ,На 1 авг. 1918 г. — зарегистрирован в Штабе ОрВО,,С 1 мая 1919 г. — Завуч Орловских окружных военхоз. курсов,,542
280,Кондратьев Борис Николаевич,1917,Капитан,"Кондратьев Борис Николаевич, 1917, Капитан; Старад Штаба 3 казбриг. Забайкал.",,,,26 мая — 28 авг. 1919 г. — Наштарм-10,,,542
281,Кондратьев Владимир Иванович,1901,Генерал-майор,"Кондратьев Владимир Иванович, 1901, Генерал-майор; Помнач. ВОСО армий СФ",,,С 22 ил. — раньше 28 нбр. 1918 г. — Нач-к ВОСО при Самарском округе путей сообщений,,,,542
282,Корк Август Иванович,1914,Капитан,"Корк Август Иванович, 1914, Капитан; Шт.-оф. для поруч. по авиации Угенкварта Штаба Главкома Запад. фр.",,С 17 янв. — по 5 окт. 1918 г. — Нач-к Отделен. Штазапа Оперод ВГШ; С 9 окт. 1918 г. — Нач-к Отделен. БВФ ВГШ,,С 14 окт. 1918 г. — Нач-к Оперод Штарма-9; С 1 дек. 1918 г. — Консультант Наркомвоен. Эстляндии; С 19 фвр. 1919 г. НШ ЭА; Ин. — авг. 1919 г. — По мощ. Командарма-9,,,542
283,Коробицын Константин Николаевич,1905,Полковник,"Коробицын Константин Николаевич, 1905, Полковник; Ком-р 103 пп. Петрозаводского",,,С 24 ил. 1919 г. — по 16 мая 1920 г. — Зав. Инструктор. курсами Запасной Армии и ПрибалтВО,,,,543
284,Корольков Георгий Карпович,1893,Генерал-лейтенант,"Корольков Георгий Карпович, 1893, Генерал-лейтенант; Ком-р 4 АК Сибирского",Командир корпуса,После 28 нбр. 1918 г. — Член ВВИ,К 1 ил. 1918 г. — Военрук Ржев. отряда; На июль 1918 г. — Начдив 2-й Тверской; Не раньше лета 1919 г. — Нач-к Военчасти УралВО,На 15 ил. 1919 г. — в распоряж. командования Южфронта,,,543
285,Корсун Николай Георгиевич,1905,Генерал-майор,"Корсун Николай Георгиевич, 1905, Генерал-майор; Дел-ль Оберкварта ГУГШ",,На конец 1917 г. — начало 1918 г. — Дел-ль Оберкварта ГУГШ; С 8 мая до 27 авг. 1918 г. — Пом-к Нач-ка Оперод Оперупра ВГШ; С 15 янв. 1919 г. — до 14 фвр. 21г. — Нач-к Общего Отделения Отчет. Отдела Оргупра ВГШ; Одновременно: С 1 авг. 1918 г. — на серед. ил. 1919 г. — Штат. Сотр-к-сост-ль ВИК,,С 27 авг. 1918 г. — до 15 янв. 1919 г. Начальник Разведотделения Оперод Штарма-2,,,543
286,Корульский Александр Николаевич,1894,Генерал-лейтенант,"Корульский Александр Николаевич, 1894, Генерал-лейтенант; В резерве ПВО",,,С 12 нбр. 1918 г. — Управделами Упр. Нач-ка снабжений ПВО; с 23 нбр. 1918 г. — до 1 фвр. 1920 г. — Управделами окруж. Совета ПВО,,,,544
287,Косач Тит Степанович,1917,Капитан,"Косач Тит Степанович, 1917, Капитан; 160 пп. Абхазский",,На 9 окт. 1918 г. — Помощник Консультанта Оперод Наркомвоена С 5 нбр. 1918 г. — на серед. ил. 1919 г. — Помнач. Разведчасти ПШ РВСР,На 27 ин. — лето 1918 г. — Прикомандирован к Инженерному Отделу СУОЗ,,,,544
288,Косматов Александр Васильевич,1911,Полковник,"Косматов Александр Васильевич, 1911, Полковник; В распоряж. НШ СФ",,,С 1 апр. 1918 г. — для особых поручений и временно Начштаба Военрука Твер. отряда; На серед. ил. 1919 г. — Начштаба Двинского УРа,Со 2 мая 1918 г. — Наштадив. Латышской; С 1/6 авг. 1918 г. — Военрук Краевой экспедиции в Туркестане; С 23 окт. 1918 г. — Рук-ль формируемой ТуркА; С дек. 1918 г. — Нач штаба Армейской гр. Латвии; С янв. 1919 г. — Нач-к ВУУ Военкомата Латвии,,,544
289,Косогоров Николай Иванович,1917,Штабс-капитан,"Косогоров Николай Иванович, 1917, Штабс-капитан; НШ 160 пд.",,,На 30 сент. 1918 г. — Помощник Военрука ЯВО,В начале 1919 г. — Старший Помощ. Нач-ка Оперод Штаба ЮФ (1 месяц); Затем: Нач-к Оперод Штаюжа (2 мес.); К лету 1919 г. — Нач-к Разведод Штарма-12,,,545
290,Костяев Федор Васильевич,1905,Генерал-майор,"Костяев Федор Васильевич, 1905, Генерал-майор; Ком-р 132 пд.",,На лето 1918 г. — Инспектор 3-й Инспекции формирований частей СУОЗ при ВВС; 21/23 Окт. 1918 г. — 23 ин. 1919 г. — Нач-к ПШ РВСР; На серед. ил. 1919 г. — «в распоряжении Главкома»,В 1918 г. — НШ Псков. района (2 мес.); Начдив-2 Петроградской (2 месяца); Инсп-р форми ров. и Помощ. Воен рука Петроград. рай. (3 мес.),До нбр. 1918 г. — Наштасев.,,,545
291,Косяков Виктор Антонович,1902,Генерал-майор,"Косяков Виктор Антонович, 1902, Генерал-майор; Оберкварт. Штаба 1 КавК Кавказ.",,С 9 ил. — на 30 сент. 1918 г. — Нач-к Учет. подотдела Моботдела Оргупра ВГШ; На серед. ил. 1919 г. — в резерве ЦУПВОСО РВСР,,На 28 нбр. 1918 г. — Нач-к Отдела устройства военных дорог штаба ВФ,,,545
292,Кравцов,1918,Капитан,"Кравцов, 1918, Капитан; Старад Штаба 20 АК",,,На 4 мрт. 1918 г. Прикомандирован к Дновской группе отрядов; вышел на связь с Нач-ком Отряда,,,,546
293,Крапоткин Дмитрий Алексеевич,1895,Генерал-майор,"Крапоткин Дмитрий Алексеевич, 1895, Генерал-майор; Ком-р 133 пд.",,,,,С 12 ин. 1919 г. — до 17 ин. 1920 г. — Препод. военных наук 1-х воен. ж/д. курсов в Торжке,,546
294,Краснов Николай Николаевич,1914–1915,Полковник,"Краснов Николай Николаевич, 1914–1915, Подполковник; В распоряж. Нач-ка Генштаба",,С 24 мая — на 31 окт. 1918 г. — Нач-к Отделен. Моботдела Оргупра ВГШ; На 3 апр. 1918 г. — по вопросам учета и формирования связанным с пополнением и мобилизацией; На 28 нбр. — 15 ил. 1919 г. — «На излечении в Крыму»,,,,,546
295,Кривченко Петр Александрович,1917,Штабс-капитан,"Кривченко Петр Александрович, 1917, Штабс-капитан; 2-я Артбригада",,,К 27 апр. 1918 г. — Нач-к Связи Твер. отряда; На июль 1918 г. — Зав. Оперчастью 2-й бригады 3-й Москов. див.,,,,546
296,Крузе Владимир Михайлович,1917,Полковник,"Крузе Владимир Михайлович, 1917, Полковник; Ком-р учебного батальона",,С 24 мая 1918 г. — Нач-к Отделения Оргупр. ВГШ,,30 нбр. 1918 г. — 3 янв. 1919 г. — Командарм-11 (1-го формирования),,,547
297,Крюгер Александр Иванович,1891,Генерал-майор,"Крюгер Александр Иванович, 1891, Генерал-майор; Дежген. Штаба 1 А",,,С 13 апр. (не поздн. 8 ин.) 1918 г. — Нач-к Хозупра Штаба ПриВО; С 6 авг. 1918 г. — для поруч. при Начснабе СУОЗ,С 26 сент. 1918 г. — Нач-к Канцелярии при Начснабе СФ; С 28 дек. 1918 г. — Нач-к Отделен. УПВОСО СФ; С 7 фвр. 1919 г. — Нач-к ЭТО УПВОСО ЗФ,,,547
298,Кузнецов Борис Иннокентьевич,1917,Капитан,"Кузнецов Борис Иннокентьевич, 1917, Капитан; Об.-оф. для поруч. при Главкоме Румын. фр.",,С 12 апр. до 11 мая 1918 г. — Консультант Оперод МВО; С 11 мая до 3 окт. 1918 г. — Консультант Оперод Наркомвоена; С 1 нбр. 1918 г. — на начало ил. 1919 г. — Нач-к Разведотдела ПШ РВСР,С 28 фвр. 1918 г. — В распоряж. Штаба Главного Начальника обороны Петрогра да; С 18 мрт. 1918 г. — для поруч. при Главном Руководителе инженерной обороны,,С 1 дек. 1919 г. — Завуч Нижегородских Советских пехкурсов,Арестован не раньше конца ин. — не поздн. начала ил. 1919 г. в Москве; в нбр. 1919 г. — Освобожден и продолжил службу в РККА,547
299,Кузнецов Сергей Алексеевич,1900,Генерал-майор,"Кузнецов Сергей Алексеевич, 1900, Генерал-майор; Нач-к 73 пд.",,В начале 1918 г. — 1-й Генкварт. ГУГШ; С 14 ин. 1918 г. — Врид. Нач. Оперупр. ВГШ; На 28 нбр. 1918 г. — Нач-к Оперупра ВГШ На серед. ил. 1919г. — Сотр-к-сост-ль Комиссии по исследованию войны 1914–1918 гг.,,,На 15 ил. 1919 г. — Штатный Препод. АГШ,Осенью 1919 г. расстрелян ЧК по «обвинению в антисоветской деятельности».,548
300,Кузьмин Александр Герасимович,1907,Генерал-майор,"Кузьмин Александр Герасимович, 1907, Генерал-майор; Наштакор Гренадерского",,На серед. ил. 1919 г. — Помнач. Адмупра ПШ РВСР,На осень 1918 г. — прикомандир. к Инженерному Отделу Штаба СУОЗ,,,"На 7 дек. 1918 г. арестован ЧК, находился в Петрограде; на серед. ил. 1919 г. — освобожден",548
301,Кузьмин-Короваев Александр Николаевич,1889,Генерал-лейтенант,"Кузьмин-Короваев Александр Николаевич, 1889, Генерал-лейтенант; в резерве чинов при Штабе КавказВО",,В 1918–1920гг. — в Военно-Учебном Управлении,,,,,548
302,Кук Александр Иванович,1917,Штабс-капитан,"Кук Александр Иванович, 1917, Штабс-капитан; Врид. НШ 30 пд.",,,"С 27 мрт. до 2 дек. 1918 г. — Нач-к Разведотдела Штаба Смолен. района (ЗУОЗ, потом — район Западной Обороны)",Со 2 дек. 1918 г. — по 6 мрт. 1919 г. — Нач-к Разведотделения Штаба Западной армии С 12 мрт. 1919 г. — Нач-к Оперод Шт. ЭА; На 15 ил. 1919 г. — то же самое в Штарме-15,,,549
303,Кулешин Степан Иванович,1903,Генерал-майор,"Кулешин Степан Иванович, 1903, Генерал-майор; Ком-р 28 АК",Командир корпуса,Не раньше 23 нбр. 1917 г. — Дежген. при Главковерхе Н.В.Крыленко; В серед. фвр. 1918 г. — убит бандитами на одной из станций Орлов. губ.,,,,,549
304,Куликов Петр Васильевич,1917,Подъесаул,"Куликов Петр Васильевич, 1917, Подъесаул; Сотник 2 п. Семиреченского",,С 16 мая 1918 г. — для участия в работах ВВИ; С 14 ин. 1918 г. — Младший Инспектор конницы при ВВИ; На серед. ил. 1919 г. — Младший Помощник Инспектора ВОСО ВВИ,С 17 апр. — до 16 мая 1918 г. — в распоряжении Начштаба обороны Московского района,С 3 янв. 1919 г. — Инспектор конницы и ремонта армии при ВВИ Украины,,,549
305,Кусонский Павел Михайлович,1899,Генерал-майор,"Кусонский Павел Михайлович, 1899, Генерал-майор; Помощ. Нач-ка Отела ВОСО ГУГШ",,На 28 нбр. 1918 г. — Председатель ЛК бывшей рассчетной части Отдела ВОСО; После 28 нбр. 1918 г. — на серед. ил. 1919 г. — Нач-к Отдела по провер ке и расчетам Управ ления ВХН при ВЗС,,,,,550
306,Кутырев Гавриил Яковлевич,1918,Есаул,"Кутырев Гавриил Яковлевич, 1918, Есаул; НШ 84 пд.",,1 авг. — 9 нбр. 1918 г. — Нач-к Агентурного Отделения Агентурного Отдела Региструпр. ПШ РВСР; 9 нбр. 1918 г. — 31 мая 1919 г. — Нач-к Агентур. Отдела там же,Мрт. — 1 авг. 1918 г. — Нач-к Разведод Штаба Военрука Московского района,1/15 ин. — 2/7 окт. 1919 г. — Наштарм-12; 1/3 дек. 1919 г. — 8/15 фвр. 1920 г. — Наштарм-5,,,550
307,Ладыженский Владимир Алексеевич,1914–1915,Капитан,"Ладыженский Владимир Алексеевич, 1914–1915, Капитан; В Александров. ВУч для препод. воен. наук",,На 28 нбр. 1918 г.- Старший Дел-ль ВСО Оперупра ВГШ,,После 28 нбр. 1918 г. и на 15 ил. 1919 г.-Наштадив-8 стрелк.,,,550
308,Ладыженский Гавриил Михайлович,1893,Генерал-майор,"Ладыженский Гавриил Михайлович, 1893, Генерал-майор; НШ 2 КавК",,,Не раньше 15 сент. 1918 г. — для поруч. при НШ МВО,На 28 нбр. 1918 г. — серед. ил. 1919 г. Инспектор Кавалерии в штабе ВФ,,,550
309,Лазаревич Владимир Соломонович,1912,Полковник,"Лазаревич Владимир Соломонович, 1912, Подполковник; НШ 18 АК",,С 5 янв. 1918 г.- Помощ. Дел-ля ГУГШ; С 10 мая 1918 г. — Нач-к Общего Отделения ВСО ВГШ,,"С 1 окт. 1918 г. — Нач-к ПУ Штарма-4; С 4 дек. 1918 г./ 25 фвр. — 17 мрт. 1919 г. — Наштарм-4; С 17 мрт. 1919 г. — до 1 ил. 1919 г. — НШ Юж. гр. армий ВФ На 1–15 ил., 6 авг. — 8 окт. 1919 г. — Командарм-4",С 10 янв. по 10 мая 1918 г. — Препод. тактики в АГШ РККА,,551
310,де-Лазари Александр Николаевич,1901,Полковник,"де-Лазари Александр Николаевич, 1901, Подполковник; Член Совещания при Военмине по реорганизации армии",,,С 26 мрт. 1918 г. Нач-к Оперод штаба ЗУОЗ; На 13 ин. 1918 г. — в этой же долж. и одновременно — Врид. Наштазап; К нач. авг. 1918 г. — Начштаба Военрука Смоленского района; С 6 авг. 1918 г. — Воен рук Смолен. района; С 20 авг. 1918 г. — Наштадив-2 Смо лен ской с исполне ни ем долж. Начштаба Смолен. района,,,,551
311,Лапшин Борис Павлович,1917,Капитан,"Лапшин Борис Павлович, 1917, Капитан; 209 пп. Богород.",,На 27 ин. 1918 г. — Консультант Оперод НВ,,После 28 нбр. 1918г. — Нач-к Отделения Штарма-8; 27 мрт. — 3 апр. 1919 г. — Врид. Наштарм-8; С 24 апр. — на серед. ил. 1919 г. — Помнач. Оперод Штарма-8,,,552
312,Латынин Василий Дементьевич,1917,Полковник,"Латынин Василий Дементьевич, 1917, Подполковник; 327 пп. Корсунский",,,На 27 ин. 1918 г. — Военрук Брянского отряда; К 8 ил. 1918 г. — НШ Брянск. отряда На 28 нбр. 1918 г. — Наштадив-2 Орловской пех.,После 28 нбр. 1918 г. — на серед. ил. 1919 г. — Нач-к Оперод Оперупра Штарма УФ; С 16 ин. 1919 г. — то же самое в Штарме-12,,,552
313,Лауриц Антон Антонович,1914,Полковник,"Лауриц Антон Антонович, 1914, Подполковник; Генкварт. Шт. 12А",,,На 1 авг. 1918 г. — серед. ил. 1919 г. — Завед. Отделом подготовки войск Адмупра Шт. ОрВО,,,,552
314,Лебедев Дмитрий Капитонович,1904,Генерал-майор,"Лебедев Дмитрий Капитонович, 1904, Генерал-майор; Дел-ль ГУГШ",,На конец 1917 г. — начало 1918 г. — Дел-ль ГУГШ; С 22 ил. 1918 г. Нач-к Отделения военноучебного архива Оперупр. ВГШ; На дек. 1918 г. — Член Конференц. АГШ; На серед. ил. 1919 г. — В распоряж. Нач-ка ВГШ; Ред-р и прав-ль дел Комиссии по исслед. войны 1914–1918гг.,,,На дек. 1918 г. — Завед. 2-й группой слушателей и Препод. тактики технических войск в АГШ РККА,,553
315,Лебедев Михаил Васильевич,1901,Генерал-майор,"Лебедев Михаил Васильевич, 1901, Генерал-майор; Ком-р 5 сд.",,,,На ил. 1919г. — Нач-к Орготделения Штарма-3 (образована на Украине в марте 1918 г.),,,553
316,Лебедев Павел Павлович,1900,Генерал-майор,"Лебедев Павел Павлович, 1900, Генерал-майор; НШ 3 А",Начальник штаба армии,С апр./6 мая 1918 г. — до конца апр. 1919 г. — Нач-к Моботдела ВГШ; 13/22 ил. 1919 г. — 10 фвр. 1921г. — Нач-к ПШ РВСР,,С 29 апр. до серед./ не поздн. 22 авг. 1919 г. — Нач-к Штаба ВФ; 8–19 ил. 1919 г. — Врид. К-щего ВФ,,,553
317,Левицкий Борис Антонович,1911,Генерал-майор,"Левицкий Борис Антонович, 1911, Генерал-майор; В распоряжении Нач-ка Штаба КФ",,С 8 мая — на 28 нбр. 1918 г. — Нач-к Отдела по инженерной обороне гос-ва при Оперупр. ВГШ. На серед. ил. 1919 г. — Нач-к Отделения ВАО Управделами РВСР,,,,На 15 ил. 1919 г. — арестован. Дальнейшая судьба не известна,554
318,Лео Николай Николаевич,1891,Генерал-майор,"Лео Николай Николаевич, 1891, Генерал-майор; Ком-р 2 бриг. 1 кавд.",,,На 31 ил. 1918 г. — Помощ. Военрука Тверского ГВК; 20 авг. — 3 сент. 1918 г. — Начдив-3 Московской,,На 28 нбр. 1918 г. — в распоряж. Губинспектора Твер. Всевобуча; На серед. ил. 1919 г. — Инсп-р Всевобу ча Тверской губернии,,554
319,Леонов Алексей Николаевич,1917,Капитан,"Леонов Алексей Николаевич, 1917, Капитан; Старад Штаба 133 пд.",,,Не раньше 15 сент. 1918 г. — Дел-ль Отдела подготовки войск при Адмупре МВО; На 28 нбр. 1918 г. — Помнач. по Опер части Мос ковской кавд; После 28 нбр. 1918 г. — на серед. ил. 1919 г. — Дел-ль Штаба ЯВО,Не поздн. серед. ил. 1919 г. — командирован в Штарм-6,,,554
320,Леонов Гавриил Васильевич,1911,Полковник,"Леонов Гавриил Васильевич, 1911, Полковник; Заведующий слушателями АГШ",,,,,В янв. — ил. 1918 г. — Препод. АГШ,23–24 ил. 1918 г. — эвакуирован большевиками с АГШ в Казань; у белых: на 15 авг. 1918 г. — «для обслуж. штабов и частей НА Комуча»; Член Конференц. АГШ пост. состава; На 24 фвр. 1919 г. — Дегенверх у Колчака,555
321,Леонтьев Михаил Евгеньевич,1908,Полковник,"Леонтьев Михаил Евгеньевич, 1908, Полковник; Ком-р 14 гусп. Митавского",,,На лето 1918 г. — состоящий при Инспекторе кавалерии Штаба СУОЗ; На 28 нбр. 1918 г. — Начштаба Вятского района,,,,555
322,Либерский Иосаф Иосафович,1917,Полковник,"Либерский Иосаф Иосафович, 1917, Полковник; послед. долж. не известна",,С 24 мая 1918 г. — Нач-к Отделения Оргупра ВГШ,,,,,555
323,Либусь Николай Дмитриевич,1917,Штабс-капитан,"Либусь Николай Дмитриевич, 1917, Штабс-капитан; 12 сп. Сибирский",,На 27 ин. 1918 г. — В ГУВУЗе (Отдел Всевобуча),5 мая 1918 г. командирован в Псков для участия в работе русско-герм. КПК; На 28 нбр. 1918 г. — Член Виленской ДемарК,С 3 янв. — на серед. ил. 1919 г. — Нач-к Оперод Штаба ЮФ,,,555
324,Ливенцев Николай Денисович,1898,Генерал-майор,"Ливенцев Николай Денисович, 1898, Генерал-майор; Нач-к 168 пд.",,,С 21/22/26 апр. до начала/ 27 ил. 1918 г. — Военрук ЯВО,,,,556
325,Лисицын Константин Константинович 1904,1904,Полковник,"Лисицын Константин Константинович 1904, Полковник; послед. должн. не известна",,,,,После 28 нбр. 1918 г. — не поздн. 15 ил. 1919 г. — Пре под. 1-х Совет ских курсов в Петрограде,,556
326,Лисовский Николай Васильевич,1914–1915,Капитан,"Лисовский Николай Васильевич, 1914–1915, Капитан; Нач-к Оперод Штаба ЮЗФ",,,С мая/1 ин. 1918 г. — Нач-к Оперод Штаба БелорусВО; С авг. 1918 г. — Начштаба Котлас. района; С 26 нбр. 1918 г. — К-щий района; С 1 мрт. 1919 г. — К-щий Пензенско-Печер. краем,На серед. ил. 1919 г. — Начбриг-1 Отдельной стрелковой,,,556
327,Лукирский Сергей Георгиевич,1901,Генерал-майор,"Лукирский Сергей Георгиевич, 1901, Генерал-майор; Помощник НШ Верх. Гл-щего",,С 21 мрт. по 5 авг. 1918 г. — Помощник Военрука ВВС и Начштаба там же; На 25 дек. 1918 г. — Член Конференции АГШ РККА,,,С 5 авг. 1918 г. — Препод. тактики и стратегии в Высшей Школе военной маскировки; С 16 авг. 1918 г. — до начала янв. 1919 г. по совместительству — нештат ный старший руководитель АГШ; С 1 янв. 1919 г. — Специальный лектор курсов военноинженер. маскировки,,557
328,Лупаков Леонид Александрович,1912,Полковник,"Лупаков Леонид Александрович, 1912, Подполковник; Дел-ль ГУГШ",,До янв. 1918 г. — Нач-к Отделен. ГУГШ; до апр. 1918 г. — Дел-ль ГУГШ; С 22 ил. 1918 г. — Нач-к Отделения ЮЗФ ВСО ВГШ; На 28 нбр. 1918 г. — Нач-к Оперод Оперупр. ВГШ; После 28 нбр. 1918г. — Нач-к Орготдела Оргупра ВГШ,,На серед. ил. 1919 г. — Для поруч. при Нач-ке Штаба ЮФ,,,557
329,Лусь Эдуард Карлович,1917,Штабс-капитан,"Лусь Эдуард Карлович, 1917, Штабс-капитан; 98 пп. Юрьевский",,,На 27 ин. — лето 1918 г. — Помощник Наштадива Псковской по Оперчасти,На 28 нбр. 1918 г. — Врид. Наштадива-5 Уральской; После 28 нбр. 1918 г. — на серед. ил. 1919 г. — Наштадив-21 стрелковой,,,558
330,Лучинин Владимир Васильевич,1899,Полковник,"Лучинин Владимир Васильевич, 1899, Полковник; Ком-р 105 пп. Оренбургского",,На 2 нбр. 1918 г. — Помнач. Отдела военного имущества ЦУС,,Не поздн. конца 1918 г. — Помощник Начснаба ЮФ (4 месяца),,,558
331,Любимов Владимир Виссарионович,1914–1915,Полковник,"Любимов Владимир Виссарионович, 1914–1915, Подполковник; Старад Штаба 5 АК Сибирского",,С 17 нбр. 1917 г. — Помощ. Дел-ля ГУГШ; С 9 мрт. 1918 г. — Квартирьер ГУГШ,,Со 2 окт. 1918 г. — Военспец Штаба ЮФ; С 23 окт. 1918 г. — Нач-к Оперод Штарма-8; 8 нбр. 1918 г. — 24 фвр./7 мрт. 1919 г. — Начдив-12; С 24 фвр./ 7 мрт./ 3 апр. — 8 мая 1919 г. — Наштарм-8 ЮФ; 8/12 мая — 2 ил. 1919 г. — Командарм-8; 27 нбр. — 19 дек. 1919 г. — Врид. Наштарм-3,С 8 сент. 1918 г. — постоянный лектор курсов Всевобуча; Не раньше 12 сент. 1918 г. — Завуч Школы инструкторов Москов. ГВК,,558
332,Любомиров Павел Петрович,1884,Генерал-лейтенант,"Любомиров Павел Петрович, 1884, Генерал-лейтенант; В резерве чинов при Штабе ПВО",,,,,После 28 нбр. 1918 г. — на ил. 1919 г. — Препод. команд. пехкурсов в Петрограде,,559
333,Людницкий Леонид Леонидович 1903,1903,Полковник,"Людницкий Леонид Леонидович 1903, Подполковник Ком-р батальона",,На 31 окт. 1918 г. В Управлении по органиазции Армии ВГШ,,,,,559
334,Людсканов-Цанков Константин Александрович,1914,Полковник,"Людсканов-Цанков Константин Александрович, 1914, Подполковник; Шт.-оф. для поруч. при Шт. 2 КавК",,,На ил. 1918 г. — Помощник Наштадив-1 Рязанской по Оперчасти,На 28 нбр. 1918 г. — Помощник Наштадива-2 стрелковой,,,559
335,Люндеквист Владимир Яльмарович,1912,Полковник,"Люндеквист Владимир Яльмарович, 1912, Подполковник; НШ 1 гпд.",,,,После 28 нбр. 1918 г. — Нач-к Олонец. уч-ка 7 А; На 15 ил. 1919 г. — Наштарм-7,,,559
336,Лютов Александр Дмитриевич,1917,Капитан,"Лютов Александр Дмитриевич, 1917, Капитан; Шт.-оф. для поруч. при Шт. 46АК",,,На лето 1918 г. — Нач-к Разведотделения Наштадив-3 Петроградской,На 28 нбр. 1918 г. — Нач-к Связи 6 сд.; После 28 нбр. 1918 г. — на 15 ил. 1919 г. — Нач-к Оперод Штарма-7,,,559
337,Ляшко Поликарп Иванович,1917,Капитан,"Ляшко Поликарп Иванович, 1917, Капитан; 2 гренп. Ростовский",,,На 27 ин. 1918 г. — в Штабе Старорусской дивизии,,,,559
338,Маврин Алексей Алексеевич,1880,Генерал от инфантерии,"Маврин Алексей Алексеевич, 1880, Генерал от инфантерии; Член Военсовета",,С 24 мая 1918 г. Нач-к Отделения Оргупра ВГШ,,,,,560
339,Майгур Парфений Матвеевич,1917,Штабс-капитан,"Майгур Парфений Матвеевич, 1917, Штабс-капитан; 106 пп. Уфимский",,В конце фвр. — нача ле мрт. 1918 г. — под рук-вом Препод. АГШ Генштаба полковника Б.П. Полякова занимал ся разработкой штатов и законополож. для РККА; 2 сент. — не поздн. 21 окт. 1918 г. — Врид. Нач-ка ПШ РВСР; На 28 нбр. 1918 г. — При Главкоме всеми воружен. Силами Респ.,На 27 ин. 1918 г. — в Штабе УралВО,С 20 ил. 1918 г. — Наштарм-3 ВФ 23 ил. — 27 сент. 1918 г. — НШ ВФ; 11–18 авг. 1918 г. — Командарм-5; С 9 ин. 1919 г. — В распоряж. Наштазапа; На 15 ил. 1919 г. — Помощник Начштаба Охраны ж/д. Респ.,,,560
340,Майдель Владимир Николаевич,1892,Генерал-майор,"Майдель Владимир Николаевич, 1892, Генерал-майор; В распоряж. НШ КФ",,"На 4 сент. 1918 г. — в Комиссии М.Кедрова, назначенного Ревизором всего воен. хоз-ва Респ.",,На 28 нбр. 1918 г. — серед. ил. 1919 г. — Нач-к АХО УПВОСО Штаба ВФ,,,560
341,Македонский Анатолий Константинович 1917,1917,Штабс-капитан,"Македонский Анатолий Константинович 1917, Штабс-капитан; И. д. шт.-оф. для поруч. при Шт. 46 АК",,,На 27 ин. — не поздн. 28 нбр. 1918 г. — Дел-ль Штаба ЯВО,,,,560
342,Макеев Дмитрий Семенович,1917,Капитан,"Макеев Дмитрий Семенович, 1917, Капитан Старад шт. див.",,,На 25 ил. 1918 г. Инструктор Тульского Губисполкома,,,,561
343,Максимов Василий Иванович,1917,Есаул,"Максимов Василий Иванович, 1917, Есаул; Старад Штаба 19 АК",,С 16 мая — на 27 ин. 1918 г. — Консультант Оперод НВ; С 5 фвр. 1919 г. — Консультант Региступр. с оставлением в должн. Препод. курсов разведки; На серед. ил. 1919 г. — Помнач. Агентурного Отделения Регистрац. Отдела ПШ РВСР,С 16 мрт. 1918 г. — Помнач. Отдела Штаба партизанских формирований и отрядов; С 6 апр. 1918 г. — Для особых поруч. при указан. штабе; С 10 апр. 1918 г. — Начштаба указанного,,С 23 окт. 1918 г. — Штатный Преподаватель курсов разведки ПШ РВСР,,561
344,Максимович Александр Николаевич,1907,Полковник,"Максимович Александр Николаевич, 1907, Полковник; Производитель астрономических работ при ВТО Штаба ТуркВО",,С 22 ил. 1918г. — на серед. ил. 1919 г. — Нач-к части по организации работ ВТУ по КВТ,,,,,561
345,Максимович Павел Семенович,1897,Генерал-майор,"Максимович Павел Семенович, 1897, Генерал-майор; Ком-р 8 сд. Туркестанской",,,С 10 ил. /29 авг. 1918 г. — Начштаба ПриВО,,,,561
346,Максимовский Николай Николаевич,1894,Генерал-майор,"Максимовский Николай Николаевич, 1894, Генерал-майор; Генерал для поруч. при Главном Нач-ке МинВО",,,На 28 нбр. 1918 г. — Председатель Луполовской КПК После 28 нбр. 1918 г. — на серед. ил. 1919 г. — Для поруч. при Окрвоенкомате Запад. ВО,,,,562
347,Макулович Александр Иванович,1917,Штабс-капитан,"Макулович Александр Иванович, 1917, Штабс-капитан/ Капитан; Об.-оф. для поруч. при штабе 32АК",,,Со 2 апр. по 25 мая 1918 г. — Нач-к Отделения Штаба ЗУОЗ; С 25 мая по 8 сент. 1918 г. — Нач-к Строевого Отдела Штадива и Помощ. НШ Новоржев. див.; С 8 сент. 1918 г. до 28 янв. 1919 г. — НШ Псковской/ Литовской див.; С 28 дек. 1918 г. — Помощ. НШ по Оперчасти Псковской див.,После 28 нбр. 1918 г. — серед. ил. 1919 г. — Наштадив Литовской,,,562
348,Малеев Дмитрий Павлович 1894,1894,Полковник,"Малеев Дмитрий Павлович 1894, Полковник; Ком-р пп.; в плену",,,На 15 ил. 1919 г. — Завед. Оперод Мобупра ЯВО,На 28 нбр. 1918 г. — в Штадиве-4 (Наштабриг-1),,,562
349,Малышев Александр Козьмич,1917,Капитан,"Малышев Александр Козьмич, 1917, Капитан; Старад 1 сд. Симбирской",,На лето 1918 г. — для поруч. при Инспекторе 3-й Инспекции формирований СУОЗ при ВВС; С 22 окт. 1918 г. — до 22 нбр. 1919 г. — для особых поруч. при Нач-ке ПШ РВСР,На 4 мрт. 1918 г. прикомандиров. к Дновской группе отрядов; вышел на связь с Нач-ком отря да; С 1 мрт. 1918 г. — Для особых поруч. в Штабе Порховского (Старорусского района); Со 2 мая 1918 г. — Помощ. НШ 2 див. Петроград. по Оперчасти; С 28 ин. 1918 г. — для поруч. при Инспекции формиров. СУОЗ; С 11 авг. 1918 г. — НШ рай. частей Петрограда и Округа,С 28 сентября — до 22 окт. 1918 г. — Нач-к Разведод Штасева,С 22 нбр. 1919 г. — Завуч Ив.-Вознесен ских пехкурсов,,563
350,Малютин Борис Владимирович,1908,Полковник,"Малютин Борис Владимирович, 1908, Полковник; НШ 2 ппд. Заамурской",,На лето 1918 г. — для поруч. при 2-ой Инспекции формирований СУОЗ при ВВС,На лето 1918 г. — Начдив-4 Петроград. див. (СУОЗ),,,,563
351,Мартынов Анатолий Иванович,1894,Генерал-майор,"Мартынов Анатолий Иванович, 1894, Генерал-майор; Ком-р 15 кавд.",,,На 28 нбр. 1918 г. — Председатель Ловшанской КПК; После 28 нбр. 1918 г. — бывший для поруч. при Окружном Военкомате; На серед. ил. 1919 г. — то же самое и «признан негодным к службе по болезни»,,,,564
352,Мартынов Евгений Иванович 1889,1889,Генераллейтенант,"Мартынов Евгений Иванович 1889, Генераллейтенант; Нач-к погран. стражи Заамурского ВО",,С 22 ин. 1918 г. — до 29 мрт. 1919 г. — Нач-к ЦУС РККА; С 29 мрт. и на 15 ил. 1919 г. — штатный сотрудник ВИК,,,С 29 мрт. и на 15 ил. 1919 г. — Штатный Препо даватель и Заведующий обучаю щимися в АГШ РККА,,564
353,Мартынов Константин Акимович,1905,Генерал-майор,"Мартынов Константин Акимович, 1905, Генерал-майор; Ком-р 11 пд.",,,Не раньше мая 1919 г. — Инспектор по Мобилизации ВВИ Украины,,С 9 сент. 1919 г. — Завуч 1-х Московских пехкурсов,,564
354,Мартынов Николай Николаевич,1911,Полковник,"Мартынов Николай Николаевич, 1911, Полковник; В распоряж. Нач-ка Генштаба",,С 3 ин. 1918 г. — в распоряжении Нач-ка Генштаба,К 1 авг. 1918 г. — Начдив-4; На 28 нбр. 1918 г. — Помощник Военрука Новгородского ГВК,,После 28 нбр. 1918 г. — до ил. 1919 г. — Помощ. Завед. курсами развед ки и военконтроля и штат. препод. пехкурсов (г. Новгород),,564
355,Маслов Виктор Николаевич,1917,Ротмистр,"Маслов Виктор Николаевич, 1917, Ротмистр; 19 драгп. Архангелогород.",,,На 27 ин. 1918 г. — для поруч. в Штабе СУОЗ,На 28 нбр. 1918 г. — для поручений при Наштасева,,,565
356,Матковский Алексей Филиппович,1903,Генерал-майор,"Матковский Алексей Филиппович, 1903, Генерал-майор; Ординарный профессор АГШ",,,,,В янв. — ил. 1918 г. — Препод. на ускоренных курсах 3-й очереди АГШ,При эвакуации АГШ большевиками в Казань (23–24 ил. 1918 г.) остался в Екатеринбурге; У белых: с 29 ил. 1918 г. — зачислен в резерв по формированию Народ. Армии Комуча; На 24 фвр. 1919 г. — К-щий войсками Омского ВО,565
357,Маттис Георгий Оттович,1917,Ротмистр,"Маттис Георгий Оттович, 1917, Ротмистр; 14 драгп. Малороссийский",,На 27 ин. — 28 нбр. 1918 г. — Консультант Оперод Наркомвоен,,12–21 авг. 1920 г. — Наштарм-9,На серед. ил. 1919 г. — Помощник Завед. курсами разведки и военконтроля и штатный преподаватель тех же курсов,,565
358,Матьянов Михаил Иванович,1917,Полковник,"Матьянов Михаил Иванович, 1917, Подполковник; 47 сп. Сибирский",,,На лето — 28 нбр. 1918 г. — Прикомандирован к Инженер ному отделу СУОЗ,,,,565
359,Мауринг,1918,Капитан,"Мауринг, 1918, Капитан; Для поручений при Шт. 1 К Сибирского",,,На 4 мрт. 1918 г. прикомандир. по наряду Наштаверха к Дновской группе отрядов; вышел на связь с Нач. отрядов,,,,566
360,Махин Федор Евдокимович,1913,Полковник,"Махин Федор Евдокимович, 1913, Полковник; Помощ. Генкварта Штаба Гл-щего ЮЗФ",,,На 27 апр. 1918 г. — Нач-к Оперотделения Штаба Московского района ЗУОЗ,"Не поздн. серед. ин. — до начала ил. 1918 г. — Врид. Нач-ка Уфимской Советской див., Военрук Уфимского ГВК и Нач-к времен. ПШ при указанном ГВК; Одновременно — Командарм-2",,Не позднее начала ил. 1918 г. — «перешел» на сторону Комуча; У белых: один из орг-ров НА Комуча; на 10 дек. 1918 г. — Нач-к 1 казд. Оренбург. Пластун.; На 8 фвр. 1919 г. — «выдворен Колчаком за границу» из Владивостока,566
361,Махов Михаил Михайлович,1902,Генерал-майор,"Махов Михаил Михайлович, 1902, Генерал-майор; НШ 5 кавд.",,,На лето-28 нбр. 1918 г. — прикомандирован к Оперод Штаба СУОЗ,Раньше ил. 1919 г. — Комбриг-2 резервной кавалерийской на ЗФ,,,566
362,Махров Николай Семенович,1904,Генерал-майор,"Махров Николай Семенович, 1904, Генерал-майор; Ком-р 2 К Сибирского",,,С 10/13 апр. — авг. 1918 г. — Военрук Вязем. отряда; С 1 ил. 1918 г. — Начдив-2 Московской,С 25 окт. 1918 г. — серед. ил. 1919 г. — Наштадив-3 стрелк.; 16 ил. — 27 авг. 1919 г. — Врид. Начдив-3,,,566
363,Машин Александр Николаевич,1918,Капитан,"Машин Александр Николаевич, 1918, Капитан; Нач-к Разведотделения при Шт. 42 АК",,С мрт. 1918 г. — Военный консультант Военотдела Петрогр. Совдепа,С 20 мая 1918 г. — Помнач. Отделения Связи в Штабе СУОЗ,С 15 окт. 1918 г. — Нач-к Разведотделе ния Штаба СФ; На 28 нбр. 1918 г. — прикомандир. к Штарму-6; С 29 нбр. 1918 г. — Нач-к Оперод Шта дива-18 стрелковой; С 31 янв. 1919 г. — НШ 18 сд.,,,567
364,Машмеер-Владычин Иван Иванович,1909,Полковник,"Машмеер-Владычин Иван Иванович, 1909, 2 разряд Полковник; НШ 7 пд.",,,С 7 мая 1918 г. — для поручений при штабе Петроград. рай.; С 15 окт. 1918 г. — Дел-ль Петрогр. Окружной комиссии,,,,567
365,Медведев Александр Иванович,1894,Генерал-майор,"Медведев Александр Иванович, 1894, Генерал-майор; Ординарный профессор АГШ",,,,,"В янв. — до 20 ил. 1918 г. — Препод. АГШ РККА, профессор",Оставлен в Екатерин бурге при эва - куации АГШ в Казань (23–24 ил. 1918 г.) «по преклон. возрасту»; У белых: с 29 ил. 1918 г. — зачилен в резерв по штабу формир. НА Комуча; на 21 окт. 1918 г. — Ординарный Профессор АГШ при Сибир. Армии (г.Томск); На 24 фвр. 1919 г. — Генерал-лейт.; Профессор АГШ у Колчака,567
366,Медведев Александр Павлович,1912,Полковник,"Медведев Александр Павлович, 1912, Подполковник; Нач-к Связи Действующей Армии Угенкварверха",,С 20 ил. 1918 г. — Нач-к Связи ВВС; С 1 нбр. 1918 г. — на серед. ил. 1919 г. — Нач-к Связи ПШ РВСР,,,,,568
367,Медведев Михаил Васильевич,1914–1915,Капитан,"Медведев Михаил Васильевич, 1914–1915, Капитан; последн. долж. не известна",,"На 21 дек. 1918 г. — в распоряжении Нач-ка ВГШ (болен, в госпитале)",,,,,568
368,Медель Александр Иванович,1917,Капитан,"Медель Александр Иванович, 1917, Капитан; 31 пп. Бобруйский",,,На 27 ин. 1918 г. — в Штабе ЯВО; На 28 нбр. 1918 г. — Завед. ОВК штаба ЯВО,С 6 янв. — на 15 ил. 1919 г. — Помнач. Оперод Штаба Южфронта,,,568
369,Медер Александр Арнольдович,1895,Генерал-майор,"Медер Александр Арнольдович, 1895, 2-й разряд, Генерал-майор; На военно-препод. работе (предположит.)",,,,,Не поздн. 1919 г. — Преподаватель 2-х военнохозяйствен ных курсов,,568
370,Медиокритский Василий Евгеньевич,1913,Полковник,"Медиокритский Василий Евгеньевич, 1913, Подполковник; НШ 128 пд.",,,На лето 1918 г. — Наштадив Псковской,На 28 нбр. 1918 г. — Нач-к Оперод Штарма-7; На 1–15 ил. 1919 г. — Нач-к Воен.-Сухо пут. Отдела Штаба БФ,На март 1918 г. — преподавал в старшем и младшем классах АГШ,,568
371,Меженинов Сергей Александрович,1917,Капитан,"Меженинов Сергей Александрович, 1917, Капитан; Шт.-оф. для поруч. при Штабе 27 АК",,,,С 15 авг. 1918 г. — Квартир-р ВФ; На 4 сент. 1918 г. — Врид. НШ ВФ; 19 сент. — 11 окт. 1918 г. — Наштарм-4; 5 мрт. — 26 авг. 1919 г. — Командарм-3 ВФ; 3 дек. 1918 г. — 31 янв. 1919 г. — Наштарм-8; 10 сент. 1919 г. — 10 ин. 1920 г. — Командарм-12 ЮФ,,,569
372,Мей Павел Алексеевич,1917,Капитан,"Мей Павел Алексеевич, 1917, Капитан; Старад Шт. 36 АК",,,С 12 мрт. — на лето 1918 г. — Помнач. Оперотделения Штаба СУОЗ; С 27 авг. 1918 г. — Наштадив-2 Воронежской; С 20 сент. 1918 г. — Помощник Губвоенрука и Инспектор Всевобуча при Воронежском ГВК,С 15 окт. 1918 г. — Нач-к Оперод Штарма-8; С 23 нбр. 1918 г. — Нач-к Разведотделения в Штарме-8; С 3 янв. 1919 г. — Нач-к Оперразведод там же; 31 янв. — 26 фвр. 1919 г. — врид. Наштарм-8 С 20 мрт. — на серед. ил. 1919 г. — Помнач. Оперод Штазапа,,,569
373,Мельников Дмитрий Антонович,1898,Генерал-майор,"Мельников Дмитрий Антонович, 1898, Генерал-майор; НШ 49 пд.",,,С 8 окт. — на 28 нбр. 1918 г. — Военрук Воронежского ГВК,С 3 янв. — на серед. ил. 1919 г. — Помнач. Отдела по устройству военных дорог Южного фронта,,Не поздн. 20 авг. 1919 г. — «перешел» к Деникину в р-не Тамбова; у белых: 20 авг. 1919 г. назнач. НШ Тульск. пешей дивизии Добровольческой (корп. Мамонтова); 29 авг. с. г. — НШ гр. войск ген. Кучерова,570
374,Мельницкий Николай Федорович,1905,Капитан,"Мельницкий Николай Федорович, 1905, 2 класса Капитан; Распоряж. из Ставки был командир-н в Кавказ. Арм. для назнач. на долж. офицера Генштаба",,,Не позднее осени 1918 г. — НШ Трапезундского УР (на правах штаба корпуса). Завуч,,С 7 дек. 1918 г. — Завуч Астрахан. комкурсов,,570
375,Меницкий Иосиф Иванович,1897,Генерал-майор,"Меницкий Иосиф Иванович, 1897, Генерал-майор; Ком-р 157 пп. Имеретинского",,,С мрт./апр. 1919 г. — Комполка Псковского пехотного резервного,,,,570
376,Михайлов Виктор Иванович,1904,Генерал-майор,"Михайлов Виктор Иванович, 1904, Генерал-майор; НШ 1 АК Сибирского",,С 7 мая до 1 окт. 1918 г. — Нач-к Оперупра ВВС; 1 нбр. 1918 г. — 1 дек. 1919 г. — Нач-к Оперупра ПШ РВСР,,,,,571
377,Михайлов Михаил Афанасьевич,1917,Капитан,"Михайлов Михаил Афанасьевич, 1917, Капитан; 47 сп. Сибирский",,,На лето 1918 г. — Прикомандиров. к Инженерному Отделу СУОЗ,На 28 нбр. 1918 г. — Нач-к Разведод Штарма-7; После 28 нбр. 1918 г. — Для поруч. при Нач-ке ВОСО Армий УФ; На серед. ил. 1919 г. — та же долж. в Штарме-12,,,571
378,Михайлов Петр Михайлович,1900,Полковник,"Михайлов Петр Михайлович, 1900, Подполковник; послед. долж. не известна",,,Летом 1918 г. — Состоящий для поруч. при Начснабе Штаба СУОЗ,,,,571
379,Михалькович Максим Степанович,1909,Полковник,"Михалькович Максим Степанович, 1909, Полковник; Нач-к Отдела Угенкварта при Главковерхе",,С 17 мая 1918 г. Старший Дел-ль Отдела ДВФ Оперупра ВГШ,,,,,571
380,Михеев Виктор Степанович,1905,Генерал-майор,"Михеев Виктор Степанович, 1905, Генерал-майор; Ком-р 28 АК",Командир корпуса,После 28 нбр. 1918 г. — в распоряжении ГУВУЗа,С 11 мая 1918 г. — приступил к формированию Вологодской (Костромской) дивизии; К 1 авг. 1918 г. — Начдив Костромской,,На серед. ил. 1919 г. — Завуч Московских комкурсов бывших унтер-офицеров,,572
381,Михеев Сергей Петрович,1902,Генерал-майор,"Михеев Сергей Петрович, 1902, Генерал-майор; Нач. Александров. ВУч",,Конец 1918 г. — начало 1919 г. — Заместитель Инспектора в ВВИ,Летом — в начале осени 1918 г. — для особых поруч. при ОрВО; До 8 окт. 1918 г. — Военрук Воронежского ГВК,На 28 нбр. 1918 г. — Нач-к Оперод и Нач-к Отдела дежурств Штаба ЮФ; После 28 нбр. 1918 г. — серед. ил. 1919 г. — Помощ. Начштаба НВ Украины,,,572
382,Михневич Николай Петрович,1882,Генерал от инфантерии,"Михневич Николай Петрович, 1882, Генерал от инфантерии; Профессор АГШ",,,На лето — 28 нбр. 1918 г. — прикомандирован к штабу ПВО,,На серед. ил. 1919 г. — Препод. 1-х Петроград. арткурсов,,572
383,Моденов Иван Дмитриевич 1917,1917,Поручик,"Моденов Иван Дмитриевич 1917, Поручик; 75 пп. Севастопольский",,На 28 нбр. 1918 г. — Консультант Оперод НВ; На серед. ил. 1919 г. — Нач-к Общего Отделения ПШ РВСР,На 27 ин. — лето 1918 г. — прикомандирован к Инженерному Отделу Штаба СУОЗ,17 нбр. — 25 дек. 1920 г. — Наштарм-12,,,572
384,Молкочанов Михаил Васильевич,1917,Полковник,"Молкочанов Михаил Васильевич, 1917, Подполковник; 3 сп.",,,На 27 ин. 1918 г. — в Штабе Военрука Калуж. отряда; На ил. 1918 г. — Помощник по Оперчасти Наштадива Калужской,До 23 окт. 1918 г. — Наштадив-1 Курской (с 3 окт. 1918 г. — 9 сд.); 23 окт. 1918 г. — 30 мая 1919 г. — Нач див-9 стрелковой; Со 2 ил. 1919 г. — К-щий Группой Харьковского Направления; 25 ил. — 12 окт. 1919 г. — Начдив-41 2-го формиров.; 1–18 нбр. 1919 г. — Врид. Наштарм-8,,,573
385,де-Монфор Евгений Орестович,1904,Генерал-майор,"де-Монфор Евгений Орестович, 1904, Генерал-майор; НШ 117 пд.",,С 10 апр. 1918 г. — в рас поряж. Нач. Генштаба; С 4 мая/ 22 ил. 1918 г. — до 27 ин. 1920 г. — Нач-к Отделения Отдела по боевой подготовке войск Оргупр. ВГШ,,,,,573
386,Моравицкий Константин Александрович,1904,Полковник,"Моравицкий Константин Александрович, 1904, Полковник; НШ 13 кавд.",,,,После 28 нбр. 1918 г. — Нач-к Раз ведод Оперупра Штарма Украины; С 16 ин. — на 15 ил. 1919 г. — та же долж. в Штарме-12,,,573
387,Мороз Феликс Антонович,1913,Полковник,"Мороз Феликс Антонович, 1913, Подполковник; Нач-к Отделения Угенкварта Штаба Гл-щего СФ",,,На 15 ил. 1919 г. — Нач-к Главного Штаба при Наркомвоене ЛитовскоБелорусской Советской Республики,,,,574
388,Мосолов Константин Яковлевич,1899,Полковник,"Мосолов Константин Яковлевич, 1899, 2-й разряд Полковник; на военно-препод. работе (предположит.)",,,,,В 1918–1919гг. — Препод. 1-х пехотных курсов,,574
389,Моторный Виктор Иванович,1908,Полковник,"Моторный Виктор Иванович, 1908, Полковник; Нач-к Орготдела Управления Дежгена при Главковерхе",,На конец 1917 г. — начало 1918 г. — Помнач. Отделения ГУГШ; С 24 мая 1918 г. — на серед. ил. 1919 г. — Нач-к Отделен. Отдела по устройству и боевой подготовке войск Оргупр. ВГШ,,,,,574
390,Мочульский Александр Михайлович,1905,Генерал-майор,"Мочульский Александр Михайлович, 1905, Генерал-майор; Служил в ГУГШ",,На конец 1917 г. — начало 1918 г. — Помнач. Отдела по устройству и службе войск ГУГШ; С 14 ин. 1918 г. — на серед. ил. 1919 г. — Врид. Нач-ка Оргупра ВГШ,,,,,574
391,Мульков Николай Александрович 1918,1918,,"Мульков Николай Александрович 1918, Военный летчик 3-го истребит. отряда; послед. чин не известен",,,,Не раньше осени 1918 г. — 24 фвр. 1919 г. — для особых поруч. при Штарме-3 (3 месяца); Нач-к Общего Отделения Штарма-3 (9 мес.); Нач-к Оперод Штарма-13 (10 мес.),,,575
392,Муратов Владимир Павлович,1901,Генерал-майор,"Муратов Владимир Павлович, 1901, Генерал-майор; Нач-к Александров. ВУч",,С 10 фвр. 1918 г. — Инстр-р-Орг-р Москов. Отдела Вуза; С 1 апр. 1918 г. — до 1 дек. 1919 г. — Нач-к Отдела ГУВУЗа ВГШ; С 1 дек. 1919 г. — Помнач. ГУВУЗа по учебно-организ. работе,,,На 25 дек. 1918 г. — Завед. 1-ой гр. слушателей АГШ РККА,,575
393,Муханов Георгий Александрович,1907,Полковник,"Муханов Георгий Александрович, 1907, Полковник; Военный агент в Греции",,На 20 ил. 1918 г. — Завед. иностран. воен. миссиями в составе ВВС; На 28 нбр. 1918 г. — в той же должности при РВСР,,,,,575
394,Мыслицкий Николай Григорьевич,1902,Генерал-майор,"Мыслицкий Николай Григорьевич, 1902, Генерал-майор; в распоряж. Нач-ка Генштаба",,На 28 нбр. 1918 г. — 15 ил. 1919 г. — Нач-к Отдела устр-ва военных дорог УПВОСО РВСР,На 4 сент. 1918 г. — Помнач. ВОСО при Московском порайонном комитете,,,,575
395,Надежный Дмитрий Николаевич,1901,Генерал-лейтенант,"Надежный Дмитрий Николаевич, 1901, Генерал-лейтенант; Ком-р 3 и 42 АК",Командир корпуса,"С 7 ил. 1919 г. — в распоряж. Главкома; К концу 1919 г. — в ВИК, Инсп-р пехоты ПШ РВСР",С 10 мрт. 1918 г. — Военрук Карель. Перешейка (СУОЗ); С 22/26 апр. — не поздн. 28 нбр. 1918 г. — Военрук УралВО,На 14 ин. — 20 ил. 1918 г. — член Военн. Коллегии Северо-УралоСибир. Фр.; С 22/26 нбр. 1918 г. — К-щий СФ; С 16 фвр. 1919 г. — К-щий ЗФ; 17 окт. —17 нбр. 1919 г. — К-щий 7А,,позже конца июня — начала июля 1919 г.; Освобожден не позже 17 окт. 1919 г.; продолжал служить в РККА,576
396,Незнамов Александр Александрович,1900,Генерал-майор,"Незнамов Александр Александрович, 1900, Генерал-майор; Генкварт. Штаба Румын. Фр.",,С 23 фвр. 1918 г. — Старший Дел-ль Оргупра ГУГШ; 16 ин. — 1 дек. 1918 г. — Нач-к строит.-дорож. Отделения (8-ое Отделение) УПВОСО ВГШ; С 1 дек. 1918 г. — Сотрудниксоставитель Комиссии по изучению опыта войны 1914–1918 гг.,,,С 8 дек. 1918 г. — до 5 окт. 22г. — Препод. Стратегии в АГШ РККА По совместит. — с 18 апр. 1918 г. — Препод. ВИнжА; С 8 мрт. 1919 г. — Ординарный профессор ВИнжА (до 21 дек. 1922г.),,576
397,Непенин Сергей Яковлевич,1902,Генерал-майор,"Непенин Сергей Яковлевич, 1902, Генерал-майор; Нач-к ВОСО ПриамурВО",,,С 22 ил. — на 1 сент. 1918 г. — Начвосо при ДальневостВО,,,,576
398,Нестеровский Александр Иванович,1892,Генерал-лейтенант,"Нестеровский Александр Иванович, 1892, Генерал-лейтенант; НШ МинВО",,,С 27 апр. 1918 г. — на серед. ил. 1919 г. — Нач-к Мобупра ОрВО,,,В Справке Отделения по службе Генштаба за 4 сентября 1918 г. упоминается об аресте. На 28 нбр. 1918 г. освобожден,577
399,Нечволодов Александр Семенович,1909,Полковник,"Нечволодов Александр Семенович, 1909, Полковник; Ком-р полка",,На 31 окт. — 28 нбр. 1918 г. — Старший Дел-ль Оперупра ВГШ,,После 2 дек. 1918 г. — Нач-к Адмупра Штарма- 11(2-го формир-я) На серед. ил. 1919 г. — Наштадив-34 стрелк.; 22 ил.-10 авг. 1919 г. — Наштарм-8,,,577
400,Николаев Александр Николаевич,1917,Полковник,"Николаев Александр Николаевич, 1917, Подполковник; Старад при Штабе 48 пд.",,,На 27 ин. 1918 г. — Помнач. Связи СУОЗ,После лета 1918 г. — Нач-к ВОСО Штарма-5,,,577
401,Никольский Николай Александрович,1917,Ротмистр,"Никольский Николай Александрович, 1917, Ротмистр; 1 гусп. Сумский",,,К 27 апр. — 27 ин. 1918 г. — Нач-к Разведод штаба Тульского отряда; На ил. 1918 г. — Помощник по Оперчасти НШ 1-й Тульской дивизии,На 28 нбр. 1918 г. — Заведующий Оперчастью 1-ой бригады 2 сд.,,,577
402,Никулин Иван Андреевич,1899,Генерал-майор,"Никулин Иван Андреевич, 1899, Генерал-майор; Нач-к казд. Уральской",,После 28 нбр. 1918 г. — на 15 ил. 1919 г. — Нач-к 3-го Отдела ЦУПВОСО ПШ РВСР,К 1 сент. 1918 г. — Военный Представи тель на Александров. ж/д.,,,,578
403,Новаков Евгений Иванович,1894,Генерал-майор,"Новаков Евгений Иванович, 1894, Генерал-майор; Ком-р 48 пд.",,С 8 мая 1918 г. — Нач-к 4-го Отдела УПВОСО ВГШ; После 28 нбр. 1918 г. — для поруч. при Нач-ке ЦУПВОСО РВСР,С 20 ин. — на серед. ил. 1919 г. — Завед. передвижением войск на СызранскоВяземской ж/д,На 28 нбр. 1918 г. — Главначснаб. ВФ,,,578
404,Новиков Александр Васильевич,1891,Генерал-лейтенант,"Новиков Александр Васильевич, 1891, Генерал-лейтенант; Ком-р 43 АК",Командир корпуса,,15 ин. — 30 ил. 1918 г. — НШ ЗУОЗ; 30 ил. — 15 сент. 1918 г. — Начдив. Калужской стрелк.; До серед. нбр. 1918 г. — НШ Запад. района обороны,15 нбр. 1918 г. — 14 ин. 1919 г. — НШ Западной БЛА,,,578
405,Новиков Владимир Викторович,1909,Полковник,"Новиков Владимир Викторович, 1909, Полковник; Старад Оперупра Штаба 5А",,,С 8 авг. — на 28 нбр. 1918 г. — Завед. Оперод Мобупра Штаба МВО; С 11 мая — на серед. ил. 1919 г. — НШ МВО,,,,578
406,Новиков Николай Семенович,1907,Полковник,"Новиков Николай Семенович, 1907, Подполковник; НШ 6 сд. Сибирской",,,,В 1919 г. — Помнач. ВОСО 9А (3 мес.); Для поруч. по Генштабу при Командарме-9 (2 мес.); Нач-к Информотделен. Штарма-9 (10 мес.),,,579
407,Новицкий Василий Федорович,1895,Генерал-лейтенант,"Новицкий Василий Федорович, 1895, Генерал-лейтенант; Экстраординарный Профессор АГШ",,С 4/13 нбр. 1918 г. — до 1 мая/ ил. 1919 г. — Помощник Военрука Военного Отдела ВВИ; С ил. по окт. 1919 г. — Военрук там же. После выезда АГШ в Екатеринбург (март 1918 г.) — Секретарь Центр. педагог. Музея в Петрограде,,,С 16 дек. 1917 г. — до мрт. 1918 г. — Экстраординар. профессор АГШ РККА; С 27 окт./4 нбр. 1918 г. — до 1 мая 1919 г. — Профессор АГШ и штатный ее препо даватель,"Арестован Петроград. ВРК и освобожден до 21 фвр. 1918 г.; На совещании 21 фвр. Ленин извинился перед В. Новицким за то, что ему пришлось пребывать под арестом",579
408,Новицкий Федор Федорович,1895,Генерал-майор,"Новицкий Федор Федорович, 1895, Генерал-майор; Ком-р 43 АК",Командир корпуса,,На 27 апр. до 1 авг. 1918 г. — Военрук Калужского района (отряда) и Начдив Калужской; С 28 ил./ начала авг. 1918 г. — до 21 янв. 1919 г. — Военрук ЯВО,"31 янв. — 25 фвр. 1919 г. — Наштарм-4; 25 фвр. — 15 авг. 1919 г. — Помощ. Командарма-4, фактически — Командарм-4; На серед. ил. 1919 г. — то же самое, а также Врид. К-щего Юж. гр. ВФ",,,579
409,Новосельский Валериан Иванович,1894,Полковник,"Новосельский Валериан Иванович, 1894, Полковник; из отставки",,,,С 6 мрт. — на 15 ил. 1919 г. — Помощ. Наштадива-10 стрелковой,,,580
410,Нолькен Александр Людвигович,1908,Полковник,"Нолькен Александр Людвигович, 1908, Полковник; Шт.-оф. для поруч. при Угенкварте Штаба Главкома ЗФ",,В начале 1918 г. — Дел-ль 2-го Генкварта ГУГШ; На апр. — 20 ил. 1918 г. — Нач-к Роман. Отделения Огенкварта-2 ГУГШ; На 30 ил. 1918 г. — Нач-к ВСО Оперупра ВГШ,,,,«Перешел» к Деники ну не поздн. конца 1918 г. У белых: с конца 1918 г. — в Добрармии; сост. при фран цузской миссии во ВСЮР и Русской Армии Врангеля,580
411,Носович Анатолий Леонидович,1910,Полковник,"Носович Анатолий Леонидович, 1910, Полковник; Ком-р л-гв. уланп.",,,Май — 10 авг. 1918 г. — НШ СКВО,11 сент. — 21 окт./4 нбр. 1918 г. — Помощ. К-щего ЮФ и Нач-к Оперупра 10А,,Арестован 10 авг. 1918 г. на территории СКВО по подозрен. в контррев. действ.; под арестом пробыл не больше месяца. Не поздн. 5 нбр. 1918 г. — «перешел» на сторону казаков Краснова на уч. 8А РККА; У белых: в Добрармии; Член Особого Совещания при Главкоме ВСЮР У Врангеля: Нач-к тыл. рай. по борьбе с партизанами; эмигрировал,580
412,Нотбек Владимир Владимирович,1891,Генерал-лейтенант,"Нотбек Владимир Владимирович, 1891, Генерал-лейтенант; К-щий 1А",Командующий армией,,С 22/26 апр. — до 8 ин. 1918 г. — Военрук ПриВО,,,8 ин. 1918 г. оказался в распоряжении Комуча при взятии чехами Самары; У белых: на авг. 1918 г. — возглавил Особое Воен. Отделение Отдела авиации и пропаганды УД; У Колчака: входил в состав различ. штабных комиссий,581
413,Оберюхтин Виктор Иванович,1914,Полковник,"Оберюхтин Виктор Иванович, 1914, Подполковник; Заведующий обучающимися в АГШ",,,,,"На ил. 1918 г. — Завед. обучающимися в АГШ РККА; Снова в РККА: с 20 ил. 21г. — штатный заведующий слушателями, обучающимися в АГШ РККА",Эвакуирован большевиками с АГШ в Казань 23–24 ил. 1918 г.; У белых: на 14 авг. 1918 г. — Зав. обуч. офицерами в АГШ; при Управ. Воен. Ве домством Самар. ВП; На 22 окт. 1918 г. — Нач-к Канцеляр. там же; На 24 фвр. 1919 г. — Нач-к Орготдела Главштаба у Колчака,581
414,Оболешев Николай Николаевич,1894,Генерал-майор,"Оболешев Николай Николаевич, 1894, Генерал-майор; Ком-р 6 сд. Финляндской",,После 28 нбр. 1918 г. — на серед. ил. 1919 г. — В распоряж. Нач-ка ВГШ и в Комиссии по переработке уставов при Оргупре ВГШ,,,,,582
415,Огородников Федор Евлампиевич,1893,Генерал-лейтенант,"Огородников Федор Евлампиевич, 1893, Генерал-лейтенант; Ком-р 17 АК",Командир корпуса,После 28 нбр. 1918 г. — не поздн. 15 ил. 1919 г. — Нач-к Отдела ГУВУЗа ВГШ,С 22/26 апр. 1918 г. — Военрук БеломорВО,На 15 ил. 1919 г. — Завед. библио т. и складом учеб ных пособий ШШС Штазапа,,,582
416,Одинцов Сергей Иванович,1902,Генерал-майор,"Одинцов Сергей Иванович, 1902, Генерал-майор; Нач-к 3 казд. Кавказской",,В фвр. — 11 мрт. 1918 г. — Главупр. Канце лярии Наркомвоена; Ил. — сент. 1919 г. — Старш. Инсп-р кавалерии ВВИ; С сент. 1919 г. — Старший Инспектор Военной и морской инспекции при РВСР,С мрт. 1918 г. — Старш. Инсп-р кавалерии ВВИ на Украине; Апр. — ин. 1919 г. — Военрук ОдесВО; С ил. до сент. 1919 г. — Старший Инспектор кавалерии ВВИ,,,"11 мрт. 1918 г. арестован Петроград. ЧК по обвинен. в «шпионаже в пользу Германии» 12 апр. / 24 мая 1918 г. освобожден из-под ареста; Приг. Москов. РВТ от 15 янв. 1919 г. «осужден к лишен. свободы сроком на 5 лет, с оставлен. за ВВС права ходатайст. о досроч. освобожд...»; на 4 мрт. 1919 г. «освобожден и командирован в распоряж. ВВИ»",582
417,Оккерман Виктор Вильгельмович,1909,Полковник,"Оккерман Виктор Вильгельмович, 1909, Полковник; НШ 78 пд.",,С 16 апр. 1918 г. — в распоряж. Нач-ка Генштаба; На 15 ил. 1919 г. — Помнач. Моботдела ВГШ,,,,После 28 нбр. 1918 г. арестован; на 1–15 ил. 1919 г. освобожден,583
418,Окунев Александр Дмитриевич,1908,Полковник,"Окунев Александр Дмитриевич, 1908, Полковник; Нач-к ВСО ГУГШ",,В конце 1917 г. — начале 1918 г. — Нач-к Отделен. ГУГШ; На 31 окт. 1918 г. — Нач-к ВСО Главупра по загран. снабжениям С 1 нбр. 1918 г. по 20 мрт. 1919 г. — Врид. Помощ. Управделами РВСР; на 30 янв. 1919 г. — Врид. Управделами РВСР; После 20 мрт. 1919 г. — Пом нач. Отдела по устрой ству и боевой под готовке войск Оргупра ВГШ и сотруд никсоставитель Комиссии по изучению войны 1914–1918гг.; До 3 мая 1920 г. — член Техкома ЦУС,,С 26 ин. — до 15 нбр. 1919 г. — Помнач. Адмупра ЮФ; До 1 янв. 1921г. — Нач-к того же Управления,,,583
419,Олейников Павел Иванович,1917,Ротмистр,"Олейников Павел Иванович, 1917, Штабс-ротмистр; 17 пп. Архангелогород.",,,К 27 апр. 1918 г. — Для особых поруч. при штабе Ржев. отряда; На ил. 1918 г. — Помощник Наштадива-2 Тверской по Оперчасти,,,,584
420,Ольдерогге Владимир Александрович,1901,Генерал-майор,"Ольдерогге Владимир Александрович, 1901, Генерал-майор; Ком-р 1 сд. Туркестанской",,,"С 14 мрт. — на 1 авг. 1918 г. — Военрук Новоржевского уч-ка СУОЗ; К 1 авг. — на 28 нбр. 1918 г. — Начдив Псков., затем Литовской сд. на ЗФ",С апр. — на серед. ил. 1919 г. — для поруч. при К-щем ВФ; 29 мая — 8 ил. 1919 г. — Врид. К-щего ВФ; С ил./ начала авг. 1919 г. — 27 янв. 1920 г. — К-щий ВФ,,,584
421,Ораевский Иван Федорович,1917,Капитан,"Ораевский Иван Федорович, 1917, Капитан; Старад Штаба 50 АК",,,На 25 ин. 1918 г. — Нач-к Строевого Отдела Штаба Тверск. отряда; С 1 ил. 1918 г. — Наштадив-3 Московской и Нач-к Связи там же,,С 17 сент. 1918 г. — на серед. ил. 1919 г. — Помощ. Завуча 1-х Рязанских пехкурсов,,584
422,Орешкин Григорий Петрович,1917,Подъесаул,"Орешкин Григорий Петрович, 1917, Подъесаул; Старад и НШ 3 казд. Донской",,,,,С 28 янв. 1919 г. — в Геодез. Отделе ВИнжА,,584
423,Орешкин Иван Петрович,1914–1915,Полковник,"Орешкин Иван Петрович, 1914–1915, Подполковник; НШ 6 казд. Донской",,С 10 мая до 20-х чисел дек. 1918 г. — Нач-к Учетного Отдела Всевобуча; С 15 нбр. 1918 г. — Член ВВИ,,С 7 янв. до 14 мая 1919 г. — Нач-к Оперод Штарма-7,С 14 мая и на 15 ил. 1919 г. — Завед. обуч-ся в АГШ РККА,,585
424,Орлов Михаил Александрович,1917,Капитан,"Орлов Михаил Александрович, 1917, Капитан; Помощник Старад Штаба 3А",,,На 23 ил. 1918 г. — служил в Штабе СКВО,С 25/30 мая — до 15/18 сент. 1919 г. — Начдив-9 стрелковой; 22 фвр. — 20 ин. 1920 г. — Врид. Наштарм-13; Затем: Начдив-46,,,585
425,Орлов Тихон Константинович,1895,Полковник,"Орлов Тихон Константинович, 1895, Полковник; Помощник Главного Интенданта",,,,С 10 дек. 1918 г. — в распоряж. Начснаба ЮФ; С 22 янв. до 29 окт. 1919 г. — Нач-к Воен.-хоз. снаб. там же,,,585
426,Осипов Павел Георгиевич,1913,Полковник,"Осипов Павел Георгиевич, 1913, Полковник; Заведующий Слушателями АГШ",,,,,На 20 ил. 1918 г. — Преподаватель практических занятий по тактике в АГШ РККА,Оставлен в Екатеринбурге при эвакуации АГШ в Казань (23–24 ил. 1918 г.). В составе Комиссии для заведыв. и охраны казен. имущества АГШ У белых: С 29 ил. 1918 г. — зачислен в резерв по штабу фор миров. НА Кому ча; на 24 фвр. 1919 г. — Препод. АГШ у Колчака,585
427,Павлов Никифор Демьянович,1899,Генерал-майор,"Павлов Никифор Демьянович, 1899, Генерал-майор; Нач-к ВТО Штаба ОмВО",,,С 1 ин. 1918 г. — до 19 янв. 1920 г. Нач-к ВТО Штаба Омского ВО,,,,586
428,Панкратьев Алексей Прохорович,1917,Капитан,"Панкратьев Алексей Прохорович, 1917, Капитан; НШ 3 див. Заамурской",,,10 мрт. — 18 апр. 1918 г. — Для особых поруч. при штабе Москов. района ЗУОЗ; 18 апр. — 1 ил. 1918 г. — Нач-к Связи Рязан. отряда,1 ил. 1918 г. — 1 янв. 1919 г. — Комбат Связи Рязанской дивизии; С 10 янв./20 фвр. 1919 г. — до 1 янв. 1920 г. — Нач-к Разведотдела Штаба ЮФ,,,586
429,Панов Александр Васильевич,1913,Полковник,"Панов Александр Васильевич, 1913, Подполковник; Шт.-оф. для поруч. при Шт. гренк.",,С 1 фвр. — на 15 ил. 1919 г. — Помнач. Оперод ПШ РВСР,С 25 ин. — на 28 нбр. 1918 г. — Дел-ль Штаба МВО,,,,586
430,Панфилов Петр Петрович,1891,Генерал-майор,"Панфилов Петр Петрович, 1891, 2-й разряд Генерал-майор; послед. должн. не известна",,,В 1918 г. — Казначей Ивано-Вознесен. Губпродкома,,,,586
431,Парский Дмитрий Павлович,1893,Генерал-лейтенант,"Парский Дмитрий Павлович, 1893, Генерал-лейтенант; К-щий 12 А",Командующий армией,После 28 нбр. 1918 г. — на 15 ил. 1919 г. — в Комиссии по разра ботке уставов при Оргупре ВГШ; Ответст. ред-р Комиссии по исслед. войны 1914–1918 гг.,С февраля 1918 г. — руководил войсками Нарв. рай.; На 30 апр. 1918 г. — Военрук Ямбург. Участка; 26 мая — 8 авг. 1918 г. — Военрук СУОЗ,11 сент. — 26 нбр. 1918 г. — К-щий СФ,,"К 3 дек. 1918 г. арестован ЧК в Петрограде. Освобожден. Не поздн. нач. фвр. 1919 г. «не числится ни за ВЧК, ни за МЧК»",587
432,Паука Иван Христианович,1914–1915,Полковник,"Паука Иван Христианович, 1914–1915, Подполковник; Старад Разведотделения Огенкварта Штарма — 8",,,1 мая — 21 дек. 1918 г. — для поруч. при Начштаба ЯВО; 21 дек. 1918 г. — 19 мрт. 1919 г. — Завед. Оперод Штаба ЯВО,"27/31 мрт. — 9 апр., 23–26 ин., 10 сент. 1919 г. — 18 фвр. 1920 г. — Начдив-42 стрелк. (Штарм-13); 18 фвр.-5 ин. 1920 г. — Командарм-13",,,587
433,Пахомов Александр Георгиевич,1917,Капитан,"Пахомов Александр Георгиевич, 1917, Капитан; 3 сп. Финляндский",,,На 27 ин. 1918 г. — служба в Штабе УралВО,,,,587
434,Певнев Александр Леонтьевич,1900,Генерал-майор,"Певнев Александр Леонтьевич, 1900, Генерал-майор; Оберкварт. ГУГШ",,На конец 1917 г. — начало 1918 г. — на службе в ГУГШ; С 22 ил. — на 31 окт. 1918 г. — Военрук Глав. Упр. погран. стражи (1 г. 2 мес.),,,,,587
435,Пеленкин Петр Яковлевич,,,"Пеленкин Петр Яковлевич, «военнослужащий Генштаба»; срок выпуска из АГШ и послед. чин не известны",,С 22 ил. 1918 г. — Нач-к личной Канцелярии Нач-ка ВГШ,,,,,588
436,Перемытов Алексей Макарович,1917,Капитан,"Перемытов Алексей Макарович, 1917, Капитан; Старад Штаба 4 сд. Финляндской",,,На 20–27 мая 1918г. — для особых поруч. при штабе Калуж. отряда; На ил. 1918 г. — Нач-к Связи Калужской дивизии,На 28 нбр. 1918 г. — Нач-к Оперод Штаба ЮФ; С 19 дек. 1918 г. — на 27 ил. 1919 г. — Нач-к Оперупр. Штаба ЮФ,,,588
437,Пересветов Борис Иванович,1910–1914,Полковник,"Пересветов Борис Иванович, 1910–1914, Подполковник; Старад Оперод Штаба Або-Оландских укрепленных позиций",,,,На 28 нбр. 1918 г. — Командирован в Кас пийскоКавказ ский отдел РВС ЮФ; 17 нбр. 1918 г. — 13 фвр. 1919 г. — Наштарм-11 (1-го формир.); На 15 ил. 1919 г. — в распоряж. Наштарма-10,,,588
438,Перлик Георгий Дмитриевич,1904,Полковник,"Перлик Георгий Дмитриевич, 1904, Полковник; В резерве чинов штаба МВО",,,,,После 28 нбр. 1918 г. — на серед. ил. 1919 г. — Завуч 2-х Советских пехкурсов в Москве,,588
439,Пестриков Николай Сергеевич,1896,Генерал-майор,"Пестриков Николай Сергеевич, 1896, Генерал-майор; Инспектор классов Владимир. ВУч",,,,,До мрт. 1919 г. — Штатный Препод. 6-х Петроград. пехкурсов; С 1 мрт. 1919 г. — Завуч тех же курсов.,,589
440,Петерсон Вольдемар Карлович,1905,Генерал-майор,"Петерсон Вольдемар Карлович, 1905, Генерал-майор; НШ 4 казд. Донской",,На 28 нбр. 1918 г. — Помнач. 2-го Отдела УПВОСО РВСР; С 21 дек. 1918 г. — в Комиссии по переработке уставов.,,,На серед. ил. 1919 г. — Помнач. ОВКШ,,589
441,Петин Николай Николаевич,1907,Полковник,"Петин Николай Николаевич, 1907, Полковник; НШ 50 АК",,,21 мая — 16 ил. 1918 г. — Нач-к Мобупра БеломорВО,29 нбр. 1918 г. — 22 мая 1919 г. — Наштарм-6; 22 мая — 14 нбр. 1919 г. — Наштазап; 21 окт. 1919 г. — 10 янв. 1920 г. — Наштаюж.,,На 26 апр. 1918 г. арестован в Симбирске по подозрению в расстреле Калуж. Совдепа в нбр. 1917 г. Освобожден — не раньше 21 мая 1918 г.,589
442,Петрасевич Петр Николаевич,1914–1915,Полковник,"Петрасевич Петр Николаевич, 1914–1915, Подполковник; Завед. авиацией Шт. 10А",,,На 1 авг. 1918 г. — Дел-ль Разведод (4-й Отдел) ОрВО; До дек. 1918 г. — Нач-к того же Отдела Штаба ОрВО,С 22 фвр. — до 25 авг. 1920 г. — Нач-к Оперод Штарма-9,,,589
443,Петров Михаил Михайлович,1917,Полковник,"Петров Михаил Михайлович, 1917, Полковник; Врид. Начштаба 67-й дивизии",,,На 27 ин. 1918 г. — в Штабе Военрука Новгород. уч-ка; Раньше 28 нбр. 1918 г. — Помощ. Военрука Казан. ГВК; После 28 нбр. 1918 г. — в теч. 1919 г. — НШ ПриВО,,,,590
444,Петров Николай Алексеевич,1908,Полковник,"Петров Николай Алексеевич, 1908, Полковник; НШ 44 АК",,,К 3 авг. 1918 г. — Нач-к Штаба Витебского отряда,После 28 нбр. 1918 г. — 15 ил. 1919 г. — Наштадив-26 стрелковой,,,590
445,Петров Николай Яковлевич,1911,Капитан,"Петров Николай Яковлевич, 1911, Капитан; Старад Штаба Новогеоргиев. крепости",,,В 1919 г. — Завед. 1-м отделом Калужского ГВК (5 мес.),,В 1919 г. — Врид. Завуча Калуж. пехкурсами (1 мес.); С 18 авг. 1919 г. — Завуч там же,,590
446,Петров Павел Петрович,1913,Полковник,"Петров Павел Петрович, 1913, Подполковник; Помощник Старада Огенкварта Штарма-1",,,С 27 апр. — до 8 ин. 1918 г. — Нач-к Управления Штаба ПриВО,,,8 ин. 1918 г. оказался в распоряж. Комуча при взятии чехами Самары; У белых: на 24 фвр. 1919 г. — Врид. НШ 6К Ураль. у Колчака,590
447,Пехливанов Йордан Георгиевич,1909,Полковник,"Пехливанов Йордан Георгиевич, 1909, Полковник; К-щий войсками ПриамурВО",Командующий военным округом,Не поздн. лета-сент. 1918 г. — Инспектор 2-й Инспекции формирований СУОЗ при ВВС,На 15 мая 1918 г. Военрук Псков. участка СУОЗ; В ин. — авг. 1918 г. — Военрук Новгородского участка СУОЗ; На 23 сент. 1918 г. — Военрук Петроград ской группы,,,"Телеграмма Военкома Глезарова № 941, вх. № 6756 сообщала о бегстве Пехливано ва в напр. Крыма; факт «перехода» именно к «белым» не подтвержден",591
448,Пирог Семен Васильевич,1917,Штабс-капитан,"Пирог Семен Васильевич, 1917, Штабс-капитан; 125 пп. Курский",,,На 27 ин. 1918 г. — в Штабе МВО; На 28 нбр. 1918 г. — Дел-ль Штаба МВО,Не раньше 5 мрт. — на 15 ил. 1919 г. — Нач-к Оперод Южной группы ВФ,,,591
449,Писарев Михаил Николаевич,1906,Полковник,"Писарев Михаил Николаевич, 1906, 2 класса, 1-й разряд; Подполковник; Штат. Препод. Воронеж. КадК",,,,,Не раньше окт. 1918 — на 1919 гг. — Штат. Препод. Воронеж. пехкурсов; Завуч тех же курсов,,591
450,Плотников Евгений Борисович,1912,Полковник,"Плотников Евгений Борисович, 1912, Полковник; Шт.-оф. для поруч. при Шт. 19 АК",,На лето 1918 г. — Нач-к Упр. 4-й Инспекции формирования СУОЗ при ВВС,На 30 сент. 1918 г. — Наштадив-1 Тверской при ЯВО,,С 9 сент. 1918 г. — на 15 ил. 1919 г. — Завед. Курскими пехкурсами,,591
451,Плюто Сергей Григорьевич,1917,Капитан,"Плюто Сергей Григорьевич, 1917, Капитан; Об.-оф. для особых поруч. при Шт. 2 АК Кавказского",,,На 27 ин. — лето 1918 г. — Завед. Оперчастью 2 бриг. в Штабе Старорусской (2-й Новгород.) дивизии; На лето — 28 нбр. 1918 г. — Врид. Наштадив бывшей Новгородской,С 6 фвр. — на 15 ил. 1919 г. — Наштадив-10,,,592
452,ПлющевскийПлющик Григорий Александрович,1903,Генерал-майор,"ПлющевскийПлющик Григорий Александрович, 1903, Генерал-майор; НШ 3 АК Сибирского",,,На лето 1918 г. — Наштадив-3 Петроградской,На 28 нбр. 1918 г. — Наштадив-6 стрелковой; С 15 апр. — на 15 ил. 1919 г. — для особых поруч. при Командарме-7,,,592
453,Пневский Николай Вячеславович,1901,Генерал-майор,"Пневский Николай Вячеславович, 1901, Генерал-майор; НШ 1 А",Начальник штаба армии,С 1 ил. 1918 г. — Нач-к Оперод ВГШ; На 28 нбр. 1918 г. — до 2/9 июня 1919 г. — Председат. Техкома ЦУС РККА,С 27 апр. 1918 г. — Начштаба ПриВО,Со 2/9 ин. — до 17 окт. 1919 г. — Начштаба ЮФ,,,592
454,Побыванец Владимир Ильич,1917,Капитан,"Побыванец Владимир Ильич, 1917, Капитан; 14 Артбриг.",,,На лето 1918 г. — Помощник Наштадива-4 Петроградской по Оперчасти,,,,592
455,Подгурский Федор Александрович,1887,Генерал-лейтенант,"Подгурский Федор Александрович, 1887, Генерал-лейтенант; Нач-к 1 сд. Сибирской",,На 28 нбр. 1918 г. — Помощник Главного Начснаба РККА,С февраля 1918 г. — рук-л войсками Порхов. рай.; На 30 апр. — 15 ин. 1918 г. — Военрук Старорус. Участка; На лето 1918 г. — Начдив Старорусской (2-й Новгородской) стрелковой,На 15 ил. 1919 г. — Помощник Наштарм НВ Украины,,,593
456,Поливанов Алексей Андреевич,1888,Генерал от инфантерии,"Поливанов Алексей Андреевич, 1888, Генерал от инфантерии; В 1915–1916гг. — Военмин и Председатель Особого Совещания по обороне",Военный министр,В 1918–1920гг. — служил в высшем ВАА РККА,,,,В конце ил. 1918 г. — арестован ЧК. Скоро освобожден и в 1918–1920 гг. служил в РККА,593
457,Поливанов Иван Емельянович,1914,Капитан,"Поливанов Иван Емельянович, 1914, Капитан; НШ 81 пд.",,,"С 17 апр. — на 13 ин. 1918 г. Нач-к Отделения Штаба ЗУОЗ; К 1 авг. 1918 г. — Военрук Оршанского участка, а также Начдив Могилев. пехот.",,,,593
458,Поликарпов Михаил Алексеевич,1917,Капитан,"Поликарпов Михаил Алексеевич, 1917, Капитан; Старад Шт. 24 пд.",,,До 20 авг. 1918 г. — Наштадив-4 Петроградской,20 авг. — 2 окт. 1918 г. — Врид. Начдив-11 стрел.; 2 окт. — 22 нбр. 1918 г. — Наштарм-5; С 30 мая — на серед. ил. 1919 г. — Наштадив-11 стрелковой,,,594
459,Полковников Иван Николаевич,1917,Полковник,"Полковников Иван Николаевич, 1917, Капитан; 292 пп. Малоархангельск.",,,На лето 1918 г. — В Штабе Брян. Отряда; На 28 нбр. 1918 г. — Военрук Брянск. Уездного Военокомата; После 28 нбр. 1918 г. — Дел-ль при Орловском Окрвоен комате; С 16 ил. 1919 г. — НШ ОрВО,,,,594
460,Полозов Иван Наумович,1917,Капитан,"Полозов Иван Наумович, 1917, Капитан; 13 пп. Белоозерский",,,На 27 ин. 1918 г. — в Штабе Военрука Брянского отряда; 3 месяца — Нач-к Разведотделения Штадива Калужской,На 28 нбр. 1918 г. — Помощник НШ ВФ; После 28 нбр. 1918 г. — для поруч. при НШ ВФ; На 15 ил. 1919 г. — Нач-к Оперод Штарма-5,,,594
461,Полюшкин Василий Захарович,1917,Капитан,"Полюшкин Василий Захарович, 1917, Капитан; 157 пп. Имеретинский",,,На лето 1918 г. — прикомандир. к Инженерному Отделу в Штабе СУОЗ,,,,594
462,Поляков Андрей Венедиктович,1917,Ротмистр,"Поляков Андрей Венедиктович, 1917, Ротмистр; Врид. НШ 113 пд.",,,На 1 авг. 1918 г. — Дел-ль Разведотделения Мобупра Штаба ОрВО,,,,595
463,Поляков Борис Петрович,1911,Полковник,"Поляков Борис Петрович, 1911, Полковник; Руководитель практических занятий в АГШ",,,На лето 1918 г. — для поручений при Помощнике Военрука СУОЗ,,На март 1918 г. — Препод. практич. занятий на ускорен. курсах АГШ; На 28 нбр. 1918 г. — Бывший Заведующий обучающимися слушателями АГШ РККА,На 28 нбр. — 7 дек. 1918 г. арестован ЧК и наход. в Петрограде; На 7 янв. 1919 г. — под арестом; переведен из Петрограда в Москву; на серед. лета 1919 г. освобожден,595
464,Поляков Валерий Николаевич,1908,Полковник,"Поляков Валерий Николаевич, 1908, Полковник; Приват. лектор АГШ; Дел-ль Канцелярии Военмина",,До 13/18 ин. 1918 г. — Дел-ль ЗФУ при ВЗС (уволен со службы),,,На апр. — и до 20 ил. 1918 г. — Препод. АГШ РККА; уволен со службы Приказ. НВ от 13 авг. 1918 г.,23–24 ил. 1918 г. эвакуирован большевиками с АГШ в Казань; У белых: на 24 фвр. 1919 г. — Нач-к 2 казач. див. Оренбургской,595
465,Поляков Петр Иванович,1906,Полковник,"Поляков Петр Иванович, 1906, Подполковник/ Полковник; НШ 3 гренд.",,,С 1 апр. — на 25 ин. 1918 г. — Начштаба Тверского отряда; На 16 ил. — не позднее 1 дек. 1918 г. — Наштадив-3 Московской,,На март-апр. 1918 г. — Завед. слушат. АГШ; С 1 дек. 1918 г. — Штат. Завед. обучся в АГШ РККА,,595
466,Попов Василий Федорович,1903,Генерал-майор,"Попов Василий Федорович, 1903, Генерал-майор; НШ 59 пд.",,,,С 28 апр. 1919 г. — Помнач. 2-го Отдела УПВОСО ЗФ; С ин. 1919 г. — тоже в 3-ем Отделении,,,596
467,Попов Иван Иванович,1917,Капитан,"Попов Иван Иванович, 1917, Капитан; 47 сп. Сибирский",,,К 30 ин. — летом 1918 г. — прикомандир. к инженер. отделу штаба СУОЗ,,,"8 сент. «отстранен от должности телеграф. распоряж. из Петрограда..., вечером, в тот же день был арестован и отвезен в Петроград». На 18 нбр. 1918 г. — не освобожден. Дальнейшая судьба не известна",596
468,Попов Николай Иванович,1905,Генерал-майор,"Попов Николай Иванович, 1905, Генерал-майор; НШ 30 АК",,,К 1 сент. 1918 г. — Военный Представи тель на Московско-Курской ж/д.,,На 15 ил. 1919 г. — Завуч тактических курсов ВСШ,,596
469,Постников Александр Алексеевич,1907,Полковник,"Постников Александр Алексеевич, 1907, 2 класса, Полковник; Редактор журнала «Русский эксперимент»",,,С ил. 1918 г. — Инспектор Охраны Путей Сообщ. ПВО; Окт. 1918 г. — янв. 1919 г. — Нач-к От дела Инспек-та и воен. рук-ва Упр. Охраны Путей Сообщения ПВО,,,,596
470,Потапов Илья Николаевич,1914–1915,Полковник,"Потапов Илья Николаевич, 1914–1915, Подполковник; Старад Шт. 2АК",,,На 20 ил.-1 авг. 1918 г. — Военрук Архангельского района,,,,597
471,Потапов Николай Михайлович,1897,Генерал-лейтенант,"Потапов Николай Михайлович, 1897, Генерал-лейтенант; Нач-к ГУГШ (Нач-к Генштаба)",Начальник Генштаба,С 23 нбр./8 дек. 1917 г. — до 8 мая 1918 г. — Нач-к ГУГШ и Генштаба; С 23 нбр./8 дек. 1917 г. — на 28 нбр. 1918 г. — Управделами Военмина; С 4 ин. 1919 г. — до 19 нбр. 21г. — Председ. ВЗС С 4 ин. — на серед. ил. 1919 г. — Сотруд.- сост-ль Комиссии по изучению войны 1914–1918гг.,,,,,597
472,Преображенский Александр Сергеевич,1903,Полковник,"Преображенский Александр Сергеевич, 1903, Полковник; В распоряжении Нач-ка Генштаба",,,,На 28 нбр. 1918 г. — Начальник Отделения Штасева,,,597
473,Преображенский Владимир Иванович,1913–1914,Полковник,"Преображенский Владимир Иванович, 1913–1914, Подполковник; Шт.-оф. для поруч. при Шт. 1 К",,,С 15 апр. — на 30 сент. 1918 г. — Наштадив-1 Новгородской при ЯВО; С 11 авг. — до 15 сентября 1919 г. — Нач-к Штаба Саратов. УР,С 28 окт. 1918 г. до 16 янв. 1919 г. — Помощник Наштарм-7; С 16 янв. 1919 г. — Нач-к Оперод Штарма-6; С 1 апр. 1919 г. — Для особых поручений при Командарме-6; 1/16 ин. — 25 ил. 1919 г. — Наштарм-9; 25 фвр. — 23 апр. 1920 г. — Врид. Наштарм-4,,,598
474,Прозвицкий Митрофан Михайлович,1910,Полковник,"Прозвицкий Митрофан Михайлович, 1910, Подполковник; Дел-ль ГУГШ",,На 9 сент. 1918 г. — Нач-к Отделения Моботдела Оргупра ВГШ,,,,,598
475,Пугачев Семен Андреевич,1914,Капитан,"Пугачев Семен Андреевич, 1914, Капитан; Помощ. Нач-ка Огенкварта Глав. Шт. СФ",,,С мрт. 1918 г. — Дел-ль Штаба УралВО; С 17 ил. 1918 г. — Сотрудник для поруч. при НШ там же; С 1 сент. 1918 г. — Нач-к Отдела формиров. и Адмупра Шт. УралВО; С 26 янв. 1919 г. — Врид. Начштаба там же,С апр. — на серед. ил. 1919 г. — в Штарме-2,,,598
476,Радецкий М.Н.,,,"Радецкий М.Н., «Генштаба»; срок выпуска из АГШ неизвестен; Полковник",,,С 10 мая 1918 г. — Военрук Орловского ГВК,К 9 дек. 1918 г. — Начдив-4 стрелковой,,,599
477,Радус-Зенкович Лев Аполлонович,1900,Генерал-майор,"Радус-Зенкович Лев Аполлонович, 1900, Генерал-майор; НШ 6 А",Начальник штаба армии,"На 28 нбр. 1918 г. — Помощ. Ред-ра Военотдела издат. ЦИК; На серед. ил. 1919 г. — то же самое, кроме того — Сотруд.-сост-ль Комиссии по изуч. опыта войны 1914– 1918гг.",На 27 апр. 1918 г. — Помощник Военрука Московского района,,,,599
478,Раевский Михаил Федорович,1907,Полковник,"Раевский Михаил Федорович, 1907, Полковник; Помощник Квартир-ра ГУГШ",,На начало 1918 г. — Нач-к контрразвед. части ГУГШ; На 28 нбр. 1918 г. — серед. ил. 1919 г. — Пом нач. Моботдела ВГШ,,,,,599
479,Раздоров Николай Тимофеевич,1917,Капитан,"Раздоров Николай Тимофеевич, 1917, Капитан; Помощник Старад Штаба Кронштад. крепости",,,С 27 апр. 1918 г. — Нач-к Отдела штаба ВО; прикомандир. к Инженерному отделу в СУОЗ,,,,599
480,Ратов Владимир Федорович,1901,Полковник,"Ратов Владимир Федорович, 1901, Полковник; Помощ. Комполка по строевой части",,,,,На 5 нбр. 1918 г. — служил при 1-х Московских курсах,,600
481,Раттэль Иван Иосифович,1911,Полковник,"Раттэль Иван Иосифович, 1911, Полковник; Помощник Нач-ка ВОСО армий ЮЗФ",,,С 22 ил. — до серед. сент. 1918 г. — Начвосо при Воронеж. ГВК,С 11 сент. 1918 г. — до фвр. 1920 г. — Нач-к ВОСО ЮФ,,,600
482,Раттэль Николай Иосифович,1902,Генерал-майор,"Раттэль Николай Иосифович, 1902, Генерал-майор; Нач-к ВОСО театра военных действий Действующей Армии",,На 27 ин. — в авг. 1918 г. НШ и Врид. Военрука ВВС; 6 сент. — 22 окт. 1918 г. — Нач-к ПШ РВСР; С 22 окт. 1918 г. — по 1921г. — Нач-к ВГШ,,,,,600
483,Ремезов Александр Кондратьевич,1899,Генерал-майор,"Ремезов Александр Кондратьевич, 1899, Генерал-майор; НШ 31 АК",,С 28 ин. 1919 г. — в распоряжении Главкома,,"На 28 нбр. 1918 г. — Начдив-10 стрелковой; 27 янв. — 1 ил. 1919 г. — Командарм-7; 10 дек. 1919 г. — 7 мая 1920 г. — Наштарм-11 (2-го формирования); 12–26 ил., 12–19 сент. 1920 г. — Командарм-11",,,600
484,Ржечицкий Владимир Фелицианович,1917,Полковник,"Ржечицкий Владимир Фелицианович, 1917, Подполковник, Врид. НШ 193 дивизии",,,На 27 ин. 1918 г. — в Штабе Военрука Бежецкого участка; После 27 ин. — раньше 28 нбр. 1918 г. — прикомандирован к Оперод Штаба СУОЗ,На 28 нбр. 1918 г. — Завед. Оперод Штабриг-2 17-ой сд.; После 28 нбр. 1918 г. — на 15 ил. 1919 г. — НШ 17 сд,,,601
485,Ригельман Евгений Николаевич,1909,Полковник,"Ригельман Евгений Николаевич, 1909, Полковник; НШ Усть-Двинской крепости",,,На 23 ил. 1918 г. — служил в Штабе СКВО,После 28 нбр. 1918 г. — Нач-к Оперупра Штарма-11 (1-го формир.); 19–29 апр. 1919 г. — Наштарм-11(2-го формир.); На 15 ил. 1919 г. — В распоряжении Штаба ВФ,,,601
486,Розанов Николай Николаевич,1917,Штабс-капитан,"Розанов Николай Николаевич, 1917, Штабс-капитан; Старад Штаба 18 АК",,,К лету 1918 г. — Заведующий Оперчастью 2/3-й бригады Старорусской дивизии,На 28 нбр. 1918 г. — Помощник Наштабриг Отдельной стрелковой; После 28 нбр. 1918 г. — на 15 ил. 1919 г. — Врид. НШ 6 сд,,,601
487,Розанов Сергей Федорович,1910,Капитан,"Розанов Сергей Федорович, 1910, Капитан; НШ дивизии",,После 28 нбр. 1918 г. — Старший Дел-ль Оргупра ВГШ; С 5 ил. 1919 г. — Нач-к Отделения Оргупра ВГШ (1 г. 7 мес.),,,,,601
488,Розенберг Владимир Германович,1917,Ротмистр,"Розенберг Владимир Германович, 1917, Ротмистр; Л.-гв. кирасир. полк",,,Не раньше ин. 1918 г. — прикоман дирован к Разведотделу СУОЗ,,,,602
489,Ролько Аркадий Семенович,1917,Капитан,"Ролько Аркадий Семенович, 1917, Капитан; НШ 115 див.",,,На 4 мрт. 1918 г. Прикомандиров. к Нарвской группе отрядов; вышел на связь с Нач. отряда На лето — до нбр. 1918 г. — Сотрудник по Оперчасти в штабе ЮУОЗ,11 сент. — 31 дек. 1918 г. — Начдив-14 пехотной После 28 нбр. 1918 г. — раньше 15 ил. 1919 г. — Завед. орг-цией Связи в 9А На 15 ил. 1919 г. — Нач-к Разведотделения Штарма-6,,,602
490,Романов Николай,1884,Генерал от инфантерии,"Романов Николай, 1884, Генерал от Инфантерии; послед. долж. не известна",,,На 24 авг. 1918 г. — при Штабе БеломорВО; На 28 авг. 1918 г. — при Штабе СУОЗ,,,,602
491,Ростов Лев Николаевич 1910–1914,1910–1914,Полковник,"Ростов Лев Николаевич 1910–1914, Подполковник; Помощник Нач-ка Отделения ГУГШ",,До начала дек. 1917г. — Нач-к Отделения ГУГШ,19 сент. — 1 нбр. 1918 г. — Нач-к ВСО Штаба ПВО; С 10 дек. 1918 г. — Нач-к Адмупра Штаба ПВО; На 15 ил. 1919 г. — Помощ. НШ ПВО,14 янв. — 5 мрт. 1920 г. — Наштарм-8,,,602
492,Рот Владимир Федорович,1900,Полковник,"Рот Владимир Федорович, 1900, 2-й разряд Полковник; послед. долж. не известна",,,,,В 1918–1919 гг. — Препод. 1-х Москов. пехкурсов (5 мес.); Завуч 1-х Рязанских курсов (3 мес.),,603
493,Рудаков Александр Александрович,1907–1914,Полковник,"Рудаков Александр Александрович, 1907–1914, Подполковник; Шт.-оф. для поруч. при Шт. 3 АК Сибирского",,,Примерно с авг. 1918 г. и до мрт. 1919 г. — Дел-ль в Ростовском Уездвоенкомате; С мрт. по 20 ил. 1919 г. — Помнач. Адмотдела Яросл. ГВК,,,,603
494,Рыбаков Иван Иванович,1894,Генерал-майор,"Рыбаков Иван Иванович, 1894, 2-й разряд, Генерал-майор; В резерве чинов ОдесВО",,,,С 20 ин. 1919 г. — Врид. Комбриг-1 47 сд.; 10 ил. 1919 г. — 25 мая 1920 г. — Инженер 1-ой бриг. 47 див.,,,603
495,Рыльский Константин Иосифович,1900,Генерал-майор,"Рыльский Константин Иосифович, 1900, Генерал-майор; НШ 10 А",Начальник штаба армии,На 28 нбр. 1918 г. — Ответственный редактор ВИК ВГШ; На серед. ил. 1919 г. — также и в Комиссии по переработке уставов при Оргупре ВГШ,Не позднее лета 1918 г. — Помощник Военрука СУОЗ,,,,603
496,Рышковский Борис Иванович,1912,Полковник,"Рышковский Борис Иванович, 1912, Подполковник; НШ 160 пд.",,,,,С 19 фвр. 1919г. — Помнач. тактич. курсов по учеб. части в ВСШ; затем назначен Завучем стрелк. курсов,,604
497,Рябиков Павел Федорович,1901,Генерал-майор,"Рябиков Павел Федорович, 1901, Генерал-майор; 2-й Генкварт. Огенкварта ГУГШ",,На начало 1918 г. — 2-й Генкварт. Огенкварта при ГУГШ(Разведод) В апр. 1918 г. — общий руководитель Огенкварта,,,С янв. до 20-х чисел ил. 1918г. — Преподаватель АГШ РККА,23–24 июля 1918 г. — эвакуирован большевиками вместе с АГШ в Казань; у белых: на 24 фвр. 1919 г. — Препод. АГШ у Колчака,604
498,Савич Максим Яковлевич 1917,1917,Капитан,"Савич Максим Яковлевич 1917, Капитан; 2 сбр. артил. Сибирская",,,На 4 мрт. 1918 г. прикомандир. к Дновской гр. отрядов СУОЗ; На 8 ин. 1918 г. — в Штабе ПриВО,,,8 ин. 1918 г. оказался в распоряжении Комуча при взятии чехами Самары; У белых: на 24 фвр. 1919 г. — Нач. Отдела службы офице ров Генштаба Упр. Генкварверха,604
499,Савченко Сергей Николаевич,1902,Генерал-майор,"Савченко Сергей Николаевич, 1902, Генерал-майор; Нач-к 3 гд.",,С 20 ил. 1918 г. — Прав-ль Канцеляр. в УПВОСО ВГШ; На 28 нбр. 1918 г. — Нач-к 1-го Отдела (Орг отдел) УПВОСО РВСР,На серед. ил. 1919 г. — Помнач. УПВОСО Москов. района,,,,604
500,Савченко-Маценко Лев Иванович,1904,Генерал-майор,"Савченко-Маценко Лев Иванович, 1904, Генерал-майор; Нач-к Отдела ВОСО ГУГШ",,На конец 1917 г. — начало 1918 г. — Нач-к Отдела ВОСО ГУГШ,С 22 ил. — на 28 нбр. 1918 г. — Начвосо при ПВО,,На март 1918г. — Препод. АГШ РККА; На 11–15 ил. 1919 г. — преподавал в ВАШ,"На нбр. — дек. 1918 г. — арестован ЧК, находился в Дерябин. тюрьме (г. Петроград); на начало фвр. 1919 г. — освобожд.",605
501,СакварелидзеБежанов Сергей Георгиевич,1909–1914,Полковник,"СакварелидзеБежанов Сергей Георгиевич, 1909–1914, Подполковник; Шт-оф. для поруч. при штабе ТАОН",,На 21 сент. — окт. 1918 г. — для поруч. при Шт. Нач-ка ТАОН; Нбр. 1918 г. — сент. 1919 г. — Начштаба ТАОН,,7–26 окт. 1919 г. — Наштарм-14,,,605
502,Салимов Илья Ильич,1917,Полковник,"Салимов Илья Ильич, 1917, Подполковник; на обер-офицер. должности при штабе 7АК (Кавказского)",,Не раньше 31 авг. — 16 сент. 1918 г. — Инсп-р при Отделе Всевобуча,На 14 ин. 1918 г. — Помощ. Военрука Твер. отряда; На серед. ил. 1918 г. — Помощ. Начдива-3 Москов ской; На 21 авг. — Врид. Начдива там же,,,На 10 дек. 1918 г. — арестован ЧК в г. Твери. Дальнейшая судьба не известна,605
503,Салов Владимир Владимирович,1914–1915,Полковник,"Салов Владимир Владимирович, 1914–1915, Подполковник; в распоряж. Нач. Генштаба",,,В начале ил. 1918 г. — Нач-к Разведотделения штаба СУОЗ,На 28 нбр. 1918 г. — Помнач. Оперод Штасева,,На 7 дек. 1918 г. арестован ЧК; находится в Дерябинской тюрьме в Петрограде; Не поздн. начала фвр. 1919 г. находился там же; умер,605
504,Самойло Александр Александрович 1898,1898,Генерал-майор,"Самойло Александр Александрович 1898, Генерал-майор; Генкварт. Штаба 10 А",,,С 15 фвр. — до 8 апр. 1918 г. — Помощ. К-щего отрядами ЗУОЗ; С 10 мая 1918 г. — НШ БеломорВО; С 11 авг. 1918 г. — Нач-к ПШ СевероВосточ. района,С 11 сент. 1918 г. — Наштарм-6; 22 нбр. 1918 г. — 2 мая 1919 г. — Командарм-6; Со 2/6 по 26/29 мая 1919 г. — К-щий ВФ,,,606
505,Самсон-Гиммельшерн Ульрих Иванович,1912,Полковник,"Самсон-Гиммельшерн Ульрих Иванович, 1912, Подполковник; Нач-к Отделен. ГУГШ",,"На конец 1917 г. — начало 1918 г. — служил в ГУГШ; На 3 апр. 1918 г. — уполномочен для выдачи справок по вопросам орг-ции спец., инжен. и тех. войск РККА; На 28 нбр. 1918 г. — Нач-к Отделен. Отдела по устр-ву и боевой подгот. войск Оргупра ВГШ; На серед. ил. 1919 г. — Нач-к КодО Управделами РВСР",,,,,606
506,Самуйлов Василий Иванович,1917,Капитан,"Самуйлов Василий Иванович, 1917, Капитан; 50 пп. Белосток.",,На 27 ин. 1918 г. — Управл. Канцел. Наркомвоена; На 28 нбр. 1918 г. — Секретарь ВИК ВГШ; На 25 дек. 1918 г. — Член Конференц. АГШ РККА,,,На 25 дек. 1918 г. — Завед. 7-й груп. слушателей АГШ РККА; На 1–15 ил. 1919 г. — Штат. Препод. и Рук-ль по практич. занят. в АГШ РККА,,606
507,Сандер Александр Иосифович,1917,Капитан,"Сандер Александр Иосифович, 1917, Капитан; НШ 38 див.",,,,Не раньше 11 сент. 1918 г. — Помощ. Нач-ка Разведотделения Штаюжа (1/2 мес.); Нач-к Отделен. по укреп. (4 мес.); для поруч. при Нач-ке Оперупра (10 мес.),,,607
508,Сапожников Николай Павлович,1902,Генерал-майор,"Сапожников Николай Павлович, 1902, Генерал-майор; Начштаба 21АК",,,С 27 апр. 1918 г. — до начала/ серед. ил. 1919 г. — НШ ОрВО; 7 дек. 1918 г. — 6 янв. 1919 г. — Врид. Военрука ОрВО,С 16/29 ил. до 27 авг. 1919 г. — Наштарм-14,,,607
509,Саттеруп Дмитрий Владимирович,1904,Генерал-майор,"Саттеруп Дмитрий Владимирович, 1904, Генерал-майор; Нач. Моботдела ГУГШ",,,С 3 окт. 1918 г. — Председ. Себежской погра н. ДК; С 14 дек. 1918 г. — Председ. Резницкой погран. № 1 комиссии; С 13 янв. — на серед. ил. 1919 г. — Нач-к Адмупра штаба ЗападВО,Во 2-ой полов. 1919 г. — Нач-к ВОСО 5А,,,607
510,Сахаров Сергей Константинович 1917,1917,Капитан,"Сахаров Сергей Константинович 1917, Капитан; 99 пп. Ивангородский",,,На 4 марта 1918 г. — прикомандир. по наряду Наштаверха к Нарвской гр. отрядов; вышел на связь с Нач. отряда; С 25 фвр. 1918 г. — Нач. Оперод Штаба Ямбург. района; С 6 апр. 1918 г. — НШ группы; До 29 ин. 1918 г. — Завед. Оперчастью 2-ой бригады 3-й Петроград. див.,С 29 ин. 1918 г. — Нач-к Оперод Северо-УралоСибир. фр. (Штарма-3); С 18 ил. 1918 г. — Наштадив-3; 8 нбр. 1918 г. — Уволен вовсе от службы-,,,608
511,Сахновский Павел Григорьевич,1903,Полковник,"Сахновский Павел Григорьевич, 1903, 2-й разряд Полковник; Препод. 2 КадК",,,,,На начало окт. 1918 г. — Воспитат. 2-й Гимназии Воен. ведомства,,608
512,Сверчков Платон Александрович 1917,1917,Капитан,"Сверчков Платон Александрович 1917, Капитан; 80-я Артбр.",,,На лето 1918 г. — Прикомандир. к Разведотделу СУОЗ(в отпуску по болезни),На 28 нбр. 1918 г. — НШ Западной сд.; После 28 нбр. 1918 г. — командирован в Штаб армии Латвии; На 15 ил. 1919 г. — командирован в Штарм-15,,,608
513,Светницкий Андрей Эдуардович,1889,Штабс-капитан,"Светницкий Андрей Эдуардович, 1889, 2 класса, 2-й разряд, Штабс-капитан; Препод. Александров. ВУч",,,,,Не раньше окт. 1918–1919 гг. — Завуч Оренбург. пехкурсов,,609
514,Свечин Александр Андреевич,1903,Генерал-лейтенант,"Свечин Александр Андреевич, 1903, Генерал-лейтенант; В распоряж. НШ СФ",,С 3 авг. — до 28 нбр. 1918 г. — Нач. ВГШ; На серед. ил. 1919 г. — Председат. Комиссии по исслед. войны 1914–1918 гг.,"С марта 1918 г. — Помнач. Петроград. УР и НШ ЗУОЗ С 30 марта — на 1 авг. 1918 г. — Военрук Смолен. района ЗУОЗ, где формировал три дивизии",,С 26 окт. 1918 г. — до 6 апр. 1921г. — Препод. в АГШ РККА,,609
515,Свечников Михаил Степанович,1911,Полковник,"Свечников Михаил Степанович, 1911, Полковник; Нач. 106 пд.",,,Последовательно: Не раньше 28 нбр. 1918 г. — НШ Казанского УР С 8 ил. 1919 г. — Нач штаба Курского УР; затем: К-щий Тамбов. УР и НШ Петроград. УР,,,,609
516,Свяцкий Владимир Николаевич,1891,Генерал-лейтенант,"Свяцкий Владимир Николаевич, 1891, Генерал-лейтенант; В резерве чинов при штабе ПВО",,,На 28 нбр. 1918 г. — В распоряж. Штаба МВО,,На серед. ил. 1919 г. — Штатный Препод. АГШ РККА,,609
517,Сегеркранц Сергей Карлович,1905,Генерал-майор,"Сегеркранц Сергей Карлович, 1905, Генерал-майор; НШ 1 кавк.",,С 8 мая 1918 г. — Нач-к 7-го Отделен. ВОСО ВГШ; На 28 нбр. 1918 г. — Старш. Дел-ль УПВОСО Штаба РВСР; После 28 нбр. 1918 г. — на серед. ил. 1919 г. — Нач. 2 Отдела УПВОСО ПШ РВСР,,,,,610
518,Седачев Владимир Константинович 1907,1907,Генерал-майор,"Седачев Владимир Константинович 1907, Генерал-майор; НШ 12 АК",,,,После 28 нбр. 1918 г. — для особых поруч. при Наштабе ВФ; С 27 ил. 1919 г. — Нач. Оперод Штарма-12; С 13 сент. 1919 г. — до 15 окт. 1920 г. — Наштарм-12,,,610
519,Селенинов Владимир Вячеславович,1917,Капитан,"Селенинов Владимир Вячеславович, 1917, Капитан; 108-я артбр.",,,На 27 ин. 1918 г. — в Штабе СУОЗ,,,У белых; На 24 фвр. 1919 г. Нач-к 4 Строев. Отделения Главштаба,610
520,Селивачев Владимир Иванович,1894,Генерал-лейтенант,"Селивачев Владимир Иванович, 1894, Генерал-лейтенант; Ком-р 49 АК",Командир корпуса,В дек. 1918 г. — июле 1919 г. — в ВГШ: Сотрудник Комиссии по исследованию и использованию опыта войны 1914–1918 гг.,,В начале авг. — кон це сент. 1919 г. — К-щий спец. группой войск ЮФ для нане сения вспомогат. удара по Деникину; Помощ. К-щего ЮФ,,Не позднее 18 апр. 1919 г. — арестован; на нач. авг. 1919 г. — освобожден,610
521,Селиверстов Иван Иванович,1901,Генерал-майор,"Селиверстов Иван Иванович, 1901, Генерал-майор; Нач. триангуляции Запад. пограничного пространства",,С 1 ин. 1918 г. — до 7 ин. 1921г. — Нач-к 1-ой Триангуляции Северного ВТО,,,,,611
522,Сельский Вячеслав Александрович,1905,Генерал-майор,"Сельский Вячеслав Александрович, 1905, Генерал-майор; Ком-р бриг. 77 пд.",,На 2 нбр. 1918 г. — Служил в ЦУС РККА,,,,,611
523,Семенов Николай Григорьевич,1904,Генерал-майор,"Семенов Николай Григорьевич, 1904, Генерал-майор; Нач-к 84 пд.",,На начало авг. 1918 г. — Инсп-р формиров. ЗУОЗ при ВВС; К концу окт. 1918 г. — Член Военотдела ВВИ; С 28 окт. 1918 г. — Военрук 1-ой Комиссии ВВИ,На 27 апр. — до начала авг. 1918 г. — НШ Москов. района,19 сент. — 2 нбр. 1918 г. — Наштарм-2; После 28 нбр. 1918 г. — Помощ. Команд. УФ; 16 ин. — на 15 ил. 1919 г. — Командарм-12,,На 7 дек. 1918 г. — начало фвр. 1919 г. арестован ЧК в Москве; На серед. ин. 1919 г. — освобожден,611
524,Сербинович Константин Иванович,1899,Генерал-майор,"Сербинович Константин Иванович, 1899, Генерал-майор; в резерве чинов при Шт. ПВО",,,К 1 сент. 1918 г. Воен. Предст-ль на Северо-Западных ж/д,,,На 7 дек. 1918 г. — арестован ЧК в Петрограде. На серед. ил. 1919 г. — « бежал на Украину; местонахождение выясняется»,611
525,Сергеев Владимир Васильевич,1917,Капитан,"Сергеев Владимир Васильевич, 1917, Капитан; шт.-оф. для поруч. при Шт. 43 АК",,,11 апр. — 1 нбр. 1918г. — НШ Калужского отряда (дивизии),С 1 нбр. 1918 г. до 14 ин. 1919 г. — Нач-к Оперод Штаба Западной БЛА и 16-й Армий,,,612
526,Сергеев Евгений Николаевич,1914–1915,Полковник,"Сергеев Евгений Николаевич, 1914–1915, Подполковник; Шт.-оф. для поруч. Шт. 43 АК",,,С 15 ил. по сент. 1918 г. — Наштадив-1/2(?) Петроград.; До 26 окт. 1918 г. — Помнач. Оперод Штаба СУОЗ,С 8 нбр. до 23 дек. 1918 г. — Наштабриг. Особ. в 3А; 23 дек. 1918 г. — 26 янв. 1919 г. — Помнач. Оперод Штарма-3; До 9 авг. 1919 г. — Наштадив-30; 19 авг. — 7 дек. 1919 г. — Начдив-30; 19 дек. 1919 г. — 15 янв. 1920 г. — Наштарм-3,,,612
527,Сергеев Иван Федорович,1918,Капитан,"Сергеев Иван Федорович, 1918, Капитан; последняя должность не известна",,,,Сент. — нбр. 1918 г. — Нач-к Оперотделения Штарма-5; С авг. по дек. 1919 г. — Помощ. НШ 43 сд. по Оперчасти,,,612
528,Сергеев Петр Александрович,1917,Капитан,"Сергеев Петр Александрович, 1917, Капитан; Старад Шт. 61 пд.",,,,На 15 ил. 1919 г. — Наштадив-12,,,612
529,Сергиевский Дмитрий Дмитриевич,1897,Генерал-майор,"Сергиевский Дмитрий Дмитриевич, 1897, Генерал-майор; Ординарный профессор АГШ",,,,,На январь и на 15 сент. 1918 г. — Профессор АГШ РККА,,613
530,Серебренников Иван Константинович 1893,1893,Генерал-майор,"Серебренников Иван Константинович 1893, Генерал-майор; Начштаба ПВО",,На 28 нбр. 1918 г. — серед. 1919 г. — Завед. Инструкт. курсами ГУВУЗА,К 27 апр.-на июль 1918 г. — НШ Ржевского отряда; На 23 ил. 1918 г. — служил в штабе СКВО,,,,613
531,Серебрянников Владимир Григорьевич,1900,Генерал-майор,"Серебрянников Владимир Григорьевич, 1900, Генерал-майор; Помощ. Нач-ка ВОСО армий РФ по Румынским дорогам",,После 28 нбр. 1918 г. — на 15 ил. 1919 г. — В резерве служащих по ВОСО при ЦУПВОСО,,На 28 нбр. 1918 г. — Помнач. 4-го Отдела УПВОСО Штасева,,,613
532,Сиверс Александр Николаевич,1903,Полковник,"Сиверс Александр Николаевич, 1903, Полковник; Дел-ль Канцелярии Военмина",,На 2 нбр. 1918 г. — служил в ЗФУ ВЗС,,,,,613
533,Сиверс Николай Николаевич,1895,Генерал-лейтенант,"Сиверс Николай Николаевич, 1895, Генерал-лейтенант; НШ СФ",Начальник штаба фронта,На 28 нбр. 1918 г. — Нач-к Главупра. Загран. Снабжен.; С 1 апр. — на 15 ил. 1919 г. — Нач. Управления по комсоставу ВГШ,,,,,613
534,Сиверс Яков Яковлевич,1894,Генерал-майор,"Сиверс Яков Яковлевич, 1894, 2-й разряд, Генерал-майор; Нач-к див.",,С дек. 1919 г. — Помощ. Наштабриг ВОХР,С 14 авг. — до дек. 1919 г. — Нач. Отдела Службы войск Петроградского Сектора,,,,614
535,Сидоровнин Степан Клавдиевич,1917,Есаул,"Сидоровнин Степан Клавдиевич, 1917, Есаул; на обер-офицер. должн. при штабе Уральск. казд.",,,На 27 ин. 1918 г. — в Штабе Военрука Рязан. уч-ка; На ил. 1918 г. — Заведующий Оперчастью 2-й бригады 1-й Рязан. дивизии,На 28 нбр. 1918 г. — Заведующий Оперчастью 2-ой стрелковой дивизии,,,614
536,Симонов Андрей Леонидович,1917,Штабс-капитан,"Симонов Андрей Леонидович, 1917, Штабс-капитан; 3-я стрелк. артбриг. Сибирская",,,На 27 ин. 1918 г. — в Штабе УралВО,,,8 ин. 1918 г. оказалася в распоряж. Комуча при взятии чехами Самары; У белых: с 29 ил. 1918 г. — зачислен в резерв по Штабу формирования НА Комуча; На 24 фвр. 1919 г. — «в отпуску по болезни»,614
537,Симонов Михаил Агафангелович,1897,Генерал-майор,"Симонов Михаил Агафангелович, 1897, Генерал-майор; НШ 43 АК",,,,На 11 ил. 1918 г. — НШ Сев.-Урал.-Сиб. Фр.,,,614
538,Ситников Александр Николаевич,1903,Полковник,"Ситников Александр Николаевич, 1903, Полковник; Комполка Оренбург. казач. войска",,,,После 28 нбр. 1918 г. — до 27 фвр. 1919 г. — в распоряж. Наштазапа; На 15 ил. 1919 г. — Помощ. Начснаб. 16 А,На 28 нбр. 1918 г. — Завуч Смолен. пехкурсов,,615
539,Сияльский Владимир Павлович,1914–1915,Полковник,"Сияльский Владимир Павлович, 1914–1915, Подполковник; НШ 2 ГвК",,,К лету 1918 г. — Наштадив-2 Петроградской и Нач. Отделен. формирований,,,,615
540,Скворцов Борис Николаевич,1918,Капитан,"Скворцов Борис Николаевич, 1918, Капитан; Шт.-оф. для поруч. при Угенкварте КФ",,На 27 ин. 1918 г. — Консультант Оперод НВ,С марта — не позднее 27 ин. 1918 г. — Помощ. Нач. Отделен. Связи Штаба СУОЗ,C 26 сент. 1918 г. — до фвр. 1919 г. — Нач. Отделен. Связи СФ; С фвр. 1919 г. — по август 1920 г. — Нач. Отделен. (затем — Управления) Связи ЗФ,,,615
541,Скворцов Юрий Всеволодович,1912,Полковник,"Скворцов Юрий Всеволодович, 1912, Подполковник; Старад Огенкварта Шт. 5А",,,,На 28 нбр. 1918 г. — В ДК на ЗФ; На 1–15 ил. 1919 г. — отчислен в распоряж. Командзап.,,,615
542,Скорино Иван Николаевич,1902,Полковник,"Скорино Иван Николаевич, 1902, 2-й разряд Подполковник; Командир батальона",,,С 14 фвр. 1919 г. — Нач. Отдела Все вобуча при Киевском ГВК; С 8 мая 1919 г. — Помнач. Орготдела Управл. Всевобуча при Штабе Украин. НВ,,С 26 марта 1918 г. — Препод. тактики в школе старшин (на Украине),,616
543,Скрябин Петр Дмитриевич,1917,Штабс-капитан,"Скрябин Петр Дмитриевич, 1917, Штабс-капитан; 1 л.-гв. артбриг.",,,На 30 сент. 1918 г. — Помощ. Завед. Отдела формирования и обуч. Нижегород. ГВК,,,,616
544,Сластинок-Сластенко Наум Иосифович,1917,Штабс-капитан,"Сластинок-Сластенко Наум Иосифович, 1917, Штабс-капитан; Старад Шт. 2 сд. Сибир.",,,На 27 ин. 1918 г. — в Штабе Военрука Вязем. отряда; На 31 ил. 1918 г. — зачисл. в резерв 2-ой Москов. див.; На 28 нбр. 1918 г. — Завед. Оперч. Штабриг. 2-ой Москов. див.,После 28 нбр. 1918г. — серед. ил. 1919 г. — Наштабриг-3 2 сд.,,,616
545,Слижиков Аркадий Павлович,1909,Полковник,"Слижиков Аркадий Павлович, 1909, Полковник; Завед. 2-м Отделением слушателей ускоренных курсов АГШ 2-й очереди",,"В фвр. — мрт. 1918 г. — возглавил группу квартирьеров в Пермь, Уфу, Екатеринбург, Челябинск для выбо ра места передислокации АГШ; После его донесения от 12 марта 1918 г. решено было эвакуир. АГШ в Екатеринбург",,,В марте — июле 1918 г. — вел практические занятия и являлся заведующим слушателями АГШ РККА,23–24 ил. 1918 г. эвакуирован большевиками вместе с АГШ в Казань. У белых: На 24 февр. 1919 г. — Препод. АГШ у Колчака,617
546,Слицкоухов Павел Павлович,1917,Капитан,"Слицкоухов Павел Павлович, 1917, Капитан; 140 пп. Зарайский",,,На 27 ин. 1918 г. — Зав. Оперч. 1-ой бриг. 3-й Петроград. див. На ил. 1918 г. — Зав. Оперч. 3-й бриг. 1-ой Рязан. див.,На 28 нбр. 1918 г. — Зав. Оперч. Штабриг. 8 сд.; После 28 нбр. 1918 г. — до 18 ин. 1919 г. — Наштабриг-1 12 сд.; С 18 ин. — на 15 ил. 1919 г. — Наштадив. Донской,,,617
547,Смелов Иван Иванович,1913,Полковник,"Смелов Иван Иванович, 1913, Полковник; Зав. 4-ым Отделен. слушателей ускор. курсов АГШ 2-ой очереди и Препод. АГШ",,На 4 мрт. — начало ин. 1918 г. — Правитель дел Генштаба и И. д. Нач. АГШ,,,На март — 23 ил. 1918 г. — Правитель дел АГШ РККА и ее Штатный Препод.;,23–24 ил. 1918 г. эвакуирован большевиками вместе с АГШ в Казань; У белых: На 11 авг. 1918 г. — Правитель дел АГШ и в долж. в ПШ НА Комуча; На 18 сент. 1918 г. — командирован «белой» АГШ на долж. Генкварта СА; На 23 окт. 1918 г. — отчислен от долж. Правителя дел АГШ с оставлением в долж. Штат. Препод. воен. наук; На 24 фвр. 1919 г. — Препод. АГШ у Колчака,618
548,Смирнов Алексей Владимирович,1907,Полковник,"Смирнов Алексей Владимирович, 1907, Полковник; НШ 43 К",,С 8 мая — до 10 авг. 1918 г. — Нач. Отделен. СФ в Оперупре ВГШ,В марте — апреле 1918 г. — Помощ. Военрука Калуж. отряда,С 10 авг. — на 28 нбр. 1918 г. — Помощ. Начснаба и Начснаб ВФ; После 28 нбр. 1918 г. — 5 фвр. 1920 г. — Нач-к Адмупр. Штаба ВФ,,,618
549,Смирнов Владимир Михайлович,1907,Полковник,"Смирнов Владимир Михайлович, 1907, Полковник; НШ 2 гренд.",,На серед. ин. 1918 г. — состоял в ЧК по разгрузке Архангельска,На 27 апр. 1918 г. — НШ Рязан. Отр.; С 12 ин. — на 15 ил. 1919 г. — Зав. Оперод Штаба МВО,,,,619
550,Смоляк Петр Михайлович,1910,Полковник,"Смоляк Петр Михайлович, 1910, Полковник; НШ 4 казбриг. отдельной",,,На 28 нбр. 1918 г. — для поруч. при Нач. Западного района обороны,После 28 нбр. 1918 г. — Для поруч. при Командзапе; Не поздн. 15 ил. 1919 г. — для поруч. при Командарме БЛА,,,619
551,Снесарев Андрей Евгеньевич,1899,,"Снесарев Андрей Евгеньевич, 1899, Генерал-лейт.; Ком-р 9 АК",Командир корпуса,С ин. 1919 г. — Нач. АГШ РККА,Со 2 мая — до 8 авг. 1918 г. — Военрук СКВО; На 6–18 нбр. 1918 г. — Нач. Запад. района обороны,С 18 нбр. 1918 г. по 14 мая 1919 г. — Командарм БЛА,,Арестован не раньше 8 сент. 1918 г.; к началу нбр. 1918 г. — освобожден,619
552,Соковнин Всеволод Алексеевич,1900,Генерал-майор,"Соковнин Всеволод Алексеевич, 1900, Генерал-майор; Генкварт. Шт. 12 А, состояв., в распоряж. НШ СФ",,,С 27 апр. 1918 г. — на серед. ил. 1919 г. — Нач-к Адмупра Штаба ОрВО,,,,619
553,Соковнин Михаил Алексеевич,1892,Генерал-лейтенант,"Соковнин Михаил Алексеевич, 1892, Генерал-лейтенант; К-щий 8А; в резерве чинов Штаба МВО",,С 15 окт. 1918 г. — Председатель Комиссии для пересмотра положений о военкоматах; На 28 нбр. 1918 г. — Рук-ль Военного Отдела ВВИ,,На серед. ил. 1919 г. — НШ Наркомвоена Украины,,,620
554,Соколов Василий Николаевич,1911,Полковник,"Соколов Василий Николаевич, 1911, Полковник; НШ 1 див. Мусульманской",,,Не раньше 23 ил. — на конец авг. 1918 г. — Нач. Оперод СКВО,16 окт. — 15 нбр. 1918 г. — Наштарм-10,,,620
555,Соколов Владимир Иванович,1891,Генерал-лейтенант,"Соколов Владимир Иванович, 1891, Генерал-лейтенант; Ком-р 4 АК Сибирского",Командир корпуса,На 15 сент. 1918 г. — Член ВИК; На 28 нбр. 1918 г. — Постоян. член ВИК,,,,,620
556,Солдатов Георгий Васильевич,1911–1914,Полковник,"Солдатов Георгий Васильевич, 1911–1914, Подполковник; Шт.-оф., Завед. обучающ. в АГШ",,,,,В марте — 23 ил. 1918 г. — Препод. практич. занятий по тактике в АГШ РККА; Снова в РККА: В 1920 г. — Нач. Адм.-Строевого Отделения ГВК,23–24 ил. 1918 г. эвакуирован большевиками вместе с АГШ в Казань; У белых: На 20 авг. 1918 г. — Член Конференции АГШ; На 24 февр. 1919 г. — Препод. АГШ у Колчака,620
557,Соллогуб Николай Владимирович,1910,Полковник,"Соллогуб Николай Владимирович, 1910, Полковник; Помощник Генкварта Штаба Запад. фр.",,На 28 нбр. 1918 г. — Зав. Главным Дел-вом Воен. Отдела ВВИ; После 28 нбр. 1918 г. — не поздн. 15 ил. 1919 г. — Зав. Особым Делвом Воен. Отдела ВВИ,,С 27 ин. — не поздн. 31 ил. 1918 г. — НШ ВФ,На 25 дек. 1918 г. — Зав. 10-й группой слушателей АГШ РККА; До 15 ил. 1919 г. — Препод. АГШ РККА,,621
558,Солнышкин Михаил Ефимович,1902,Генерал-майор,"Солнышкин Михаил Ефимович, 1902, Генерал-майор; в распоряж. НШ Главкома войск Каказ. Фр.",,,C мая 1918 г. состоял для поруч. при Военкомате ОрВО; На 1 авг. — не поздн. 28 нбр. 1918 г. — Завед. 1-м Отделом Мобупра ОрВО,После 28 нбр. 1918 г. — в распоряж. Нач. ВОСО УФ; На 15 ил. 1919 г. — В распоряж. К-щего Запад. фр.,,,621
559,Сретенский Александр Николаевич,1909,Полковник,"Сретенский Александр Николаевич, 1909, 2-й разряд, Подполковник; Дел-ль Канцелярии Военмина",,На 2 нбр. 1918 г. — На службе в ЗФУ ВЗС,,,С 5 ил. 1919 г. — Помощник Управделами ВИнжА,,621
560,Срывалин Владимир Андреевич,1917,Ротмистр,"Срывалин Владимир Андреевич, 1917, Ротмистр; на обер-офицер. должн. при штабе 4 кавд.",,На лето 1918 г. — Дел-ль при 2-ой Инспек ции формиров. при ВВС; На 28 нбр. 1918 г. — По мощник Консуль танта Оперод Нарком воена; После 28 нбр. 1918 г. — до 24 ин. 1919 г. — Нач-к 1-го Отдела Региступр. РВСР,На 27 ин. 1918 г. — в Штабе Военрука Новгородского участка,С 24 ин. — на 15 ил. 1919 г. — для поруч. при НШ ЮФ,,,621
561,Стаев Павел Степанович,1896,Генерал-майор,"Стаев Павел Степанович, 1896, Генерал-майор; Нач. 1 гд.; с окт. 1917 г. — в резерве чинов при Штабе МВО",,"С 20 авг. 1918 г. — В комиссии по разработке уставов при Оргупр. ВГШ; На серед. ил. 1919 г. — то же самое, а также — Помощ. спец. ред-ра воен.-технич. редакции при Литиздат. Отдела Политупра РВСР",,,,,622
562,Станиславский Андрей Васильевич,1911,Полковник,"Станиславский Андрей Васильевич, 1911, Полковник; Старад Отделения Генкварта Штаба 4А",,К нбр. 1917 г. — Начальник Разведчасти; На начало 1918 г. — до начала мая 1918 г. 3-й Оберкварт Огенкварта-2 ГУГШ; После начала мая — на 9 сент. 1918 г. — Врид. Нач. ВСО ВГШ,На 27 сент. 1918 г. — в командировке в Брянск. районе,,На март 1918 г. — Преподавал в старшем и младшем классах АГШ РККА,,622
563,Старов Владимир Павлович,,,"Старов Владимир Павлович, Генштаба; срок выпуска из АГШ, послед. чин и долж. — не известны",,,,С 22 ил. 1918 г. Нач-к Артиллерии в Тамбовской пехд.,,,622
564,Стасевич Владимир Ефимович,1917,Капитан,"Стасевич Владимир Ефимович, 1917, Капитан; Л.-гв. Саперп.",,,На лето 1918 г. — Консультант при Штабе Ильменской озерно-речной флотилии,До 19 нбр. 1918 г. — Нач-к Разведод Штасева; С 19 нбр. 1918 г. — на 15 ил. 1919 г. — Нач. Разведод Штаба ЗФ,,,622
565,Стихий Дмитрий Петрович,1917,Капитан,"Стихий Дмитрий Петрович, 1917, Капитан; Старад Штаба 1 сд. Кавказ.",,,На лето 1918 г. — прикомандир. к Морскому Отделу СУОЗ,,,,623
566,Стогов Николай Николаевич,1900,Генерал-лейтенант,"Стогов Николай Николаевич, 1900, Генерал-лейтенант; Главком ЮЗФ",Главнокомандующий фронтом,С 8 мая до начала авг. 1918 г. — Нач-к ВГШ; До 30 окт. 1918 г. — Постоян. член ВЗС; На серед. ил. 1919 г. — в Главупр. Архивных дел,,,,«Перешел» к Деникину в ноябре 1919 г.; У белых: С нбр. 1919 г. — Нач-к по созд. укреп. позиции в р-не Ростова; С 29 дек. 1919 г. — НШ КубА,623
567,Стойкин Владимир Иосафович,1903,Генерал-майор,"Стойкин Владимир Иосафович, 1903, Генерал-майор; Нач. ЭХО Шт. Особ. Арм.",,,,С 12 ин. 1919 г. — до 14 мрт. 1920 г. — Нач-к Разведод Штарма-12,,,623
568,Стокальский Родослав Евсеевич,1917,Полковник,"Стокальский Родослав Евсеевич, 1917, Подполковник; Об.-оф. для поруч. при Шт. 25 АК",,,С 26 марта 1918г. — Нач. 3-го Отделен. Штаба ЗУОЗ; На 13 ин. 1918 г. — в долж. равной командиру отдель. части при Муромском Военкомате; На 27 ин. 1918 г. — в Штабе Военрука ЗУОЗ; На 26 нбр. 1918 г. — В ДемарК на ст. Зерново; После 28 нбр. 1918 г. — служил в КПК Курск. рай.,,,,623
569,Сторожев Илья Иванович,1913,Полковник,"Сторожев Илья Иванович, 1913, Подполковник; Препод. военных наук в АГШ",,,,,В янв. — июле 1918 г. — Препод. военных наук в АГШ РККА,23–24 ил. 1918 г. эваку ирован большевиками вместе с АГШ в Казань; У белых: На 20 авг. 1918 г. — Член Конферен. АГШ; На 24 фвр. 1919 г. — НШ ОмВО у Колчака,624
570,Строев (Рихтер) Михаил Павлович,1914,Капитан,"Строев (Рихтер) Михаил Павлович, 1914, Капитан; Шт.-оф. для поруч. при Полевом Инспекторате ВВФ",,С 25 окт. 1918 г. — на серед. ил. 1919 г. — Помнач. Полев. Упр. Авиации и воздухоплавания при ПШ РВСР,,Не раньше 1919 г. — Нач-к ВФл 1 КонА,,,624
571,Стрыхарь Павел Маркович,1917,Капитан,"Стрыхарь Павел Маркович, 1917, Капитан; 54 пп. Минский",,,5 мая — 29 ил. 1918 г. — Нач. Оперотделен. Тверск. отряда; На лето 1918 г. — Завоперчастью 3-й бригады 3-й Московской дивизии,С 29 ил. 1918 г. — до 11 марта 1919 г. — Помощ. Наштадива-7 пехотной по Оперчасти; С 11 марта — до 20 окт. 1919 г. — Нач-к Разведод Штарма-2,,,624
572,Стугин Михаил Александрович,1904,Полковник,"Стугин Михаил Александрович, 1904, Полковник; Ком-р 256 пп.",,С ин. 1918 г. — Председатель Подкомиссии по тактике и уставам при Комиссии ГУВУЗа; Нач. Отделен. пех. и кавкурсов; На 28 нбр. 1918 г. — Нач. Отдела Гувуза ВГШ; С 10 янв. — на серед. ил. 1919 г. — Инспек тор ГУВУЗа ВГШ,,,,,625
573,Стульба Владимир Юльянович,1917,Капитан,"Стульба Владимир Юльянович, 1917, Капитан; 163 пп.",,На 27 ин. — 28 нбр. 1918 г. — Помощник Консультанта и Консультант Оперод Наркомвоена,На июнь 1918 г. — Помощ. Нач. Оперотделения СУОЗ,,После 28 нбр. 1918 г. — на серед. ил. 1919 г. — Помощ. Завуча курсов разведки и Военконтроля; Штат. Препод. тех же курсов,,625
574,Ступин Всеволод Васильевич,1910,Полковник,"Ступин Всеволод Васильевич, 1910, Полковник; Шт.-оф. для поруч. при Главкоме СФ",,На 9 сент. — 28 нбр. 1918 г. — Старш. Дел-ль Отдела по устройству и боевой подготовке войск Оргупра ВГШ; После 28 нбр. 1918 г. — не поздн. авг. 1919 г. — Нач-к того же Отдела; Секр-рь Комис. по исслед. войны 1914– 1918 гг.,На 15 ин. — 8 ил. 1918 г. — НШ Смоленского района,,С 27 мая — на 15 ил. 1919 г. — Штатный Препод. Московской Советской ШШС,,625
575,Суворов Андрей Николаевич,1903,Генерал-майор,"Суворов Андрей Николаевич, 1903, Генерал-майор; НШ 10 А",Начальник штаба армии,После 28 нбр. 1918 г. — Сотр-к-сост-ль Комиссии по исслед. опыта войны 1914– 1918 гг.,С 28 мрт. — на 19 ил. 1918 г. — Начдив-1 Тульской; На ин. — 1 авг. 1918 г. — Военрук Тульского отряда,,На 15 ил. 1919 г. — Нач-к Москов. Советской ШШС,,626
576,Сулейман Николай Александрович,1910,Генерал-майор,"Сулейман Николай Александрович, 1910, Генерал-майор; Нач-к Управл-й, подведом. Помощ. Наштаверха",,На 12 апр. 1918 г. — Генкварт ВВС К 15 ин. — 20 ил. 1918 г. — Нач-к Оперупра ВВС; С 12 окт. 1918 г. — на серед. ил. 1919 г. — Сотр-к-сост-ль ВИК ВГШ,,,С 12 окт. и на 15 дек. 1918 г. — Штат. Препод. АГШ РККА; На 15 ил. 1919 г. — Штат. Препод. и Руковод. по практич. занятиям в АГШ,,626
577,Сурин Виктор Ильич,1906,Полковник,"Сурин Виктор Ильич, 1906, Полковник; Препод. воен. наук в АГШ",,,,,На 1 мая и до 20 ил. 1918 г. — Штат. Препод. АГШ у большевиков,23–24 ил. 1918 г. — эвакуирован большевиками вместе с АГШ в Казань; У белых: На 20 авг. 1918 г. — Член Конференц. АГШ при Самар. Комуче; На 24 фвр. 1919 г. — Помощник Военмина у Колчака,626
578,Сурнин Александр Александрович,1914,Полковник,"Сурнин Александр Александрович, 1914, Подполковник; Нач. Отделен. контрразведки Огенкварта Штаба 5 А",,,С 27 апр. — не поздн. 23 ил. 1918 г. — Нач-к Отдела Штаба УралВО,,На 20 ил. 1918 г. вел практич. занятия по тактике в старшем классе АГШ,23–24 ил. 1918 г. — эвакуирован большевиками вместе с АГШ в Казань; У белых: На авг. 1918 г. — Штат. Препод. практических заня тий в АГШ при Самарском Комуче; На 24 фвр. 1919 г. — НШ 1К СреднеСибир. у Колчака.,627
579,Суров Леонид Федорович,1917,Капитан,"Суров Леонид Федорович, 1917, Капитан; Врид. НШ 15 кавд.",,,На лето 1918 г. — Помощник Наштадив Вологодской,,,13 авг. 1918 г. был арестован ЧК в Ярославле. Дальней. судьба неизвестна,627
580,Сухов Василий Гаврилович,1913,Полковник,"Сухов Василий Гаврилович, 1913, Подполковник; Старад Огенкварта Штарма-5",,На 28 нбр. 1918 г. — Младший Дел-ль Оперупра ВГШ,,,На 25 дек. 1918 г. — 15 ил. 1919 г. — Заведующ. 3-й гр. слушат. и рук-ль практич. занятий в АГШ РККА,,627
581,Суходольский Геннадий Дмитриевич,1911,Полковник,"Суходольский Геннадий Дмитриевич, 1911, Подполковник; НШ 43 АК",,,На 1 авг. — не позднее 28 нбр. 1918 г. — Завед. 3-м Отделом Адмупра ОрВО,На 28 нбр. 1918 г. — Нач. Оперупра Штарма-6; С 17 марта 1919 г. — Нач-к Оперод Штарма-9; 25 ил. — 10 авг. — Врид. НШ 9А,,,627
582,Сухомлин Семен Андреевич,1894,Генерал-лейтенант,"Сухомлин Семен Андреевич, 1894, Генерал-лейтенант; В резерве чинов при Штабе ПВО",,На 28 нбр. 1918 г. — Нач. Управл. по Комсоставу ВГШ; На 15 ил. 1919 г. — в распоряж. Нач. ВГШ,,,,,628
583,Сухорский Владимир Николаевич,1910,Полковник,"Сухорский Владимир Николаевич, 1910, Полковник; НШ 5 див. Сибирской стрелковой",,,К 27 апр. 1918 г. — для особых поруч. при Шт. Вязем. отря да ЗУОЗ; К 1 сент. — 28 нбр. 1918 г. — Воен. Предст-ль на Западно-Уральской и Северо-Восточ. Уральской и Пермской ж/д.; На серед. ил. 1919 г. — Воен. Предст-ль на Пермской ж/д,,,У белых: У Колчака — на 24 февр. 1919 г. — Наштадив. Пермской,628
584,Сыромятников Александр Дмитриевич,1913,Полковник,"Сыромятников Александр Дмитриевич, 1913, Подполковник; Препод. воен. наук и Руковод. обуч. в АГШ",,,,,"В янв. — июле 1918 г. — Препод. АГШ у большевиков; Снова в РККА: с 1 дек. 1921 г. — Нач. Высшей Военной школы в Сибири, Штатный Препод. ВА",23–24 ил. 1918 г. эвакуирован большевиками вместе с АГШ в Казань; У белых: На 15 авг. 1918 г. — при Комуче член Конферен. АГШ; На 24 фвр. 1919 г. — Препод. АГШ у Колчака,628
585,Сысоев Евгений Владимирович,1917,Капитан,"Сысоев Евгений Владимирович, 1917, Капитан; на обер-офицер. должн. при штабе 1 сд. (Кавказской)",,,На 27 ин. — лето 1918 г. — Помощ. Наштадив. Олонецкой по Оперчасти,На 28 нбр. 1918 г. — Помощ. НШ 1 сд.; После 28 нбр. 1918 г. — Врид. Нач. Оперод Штазапа; С 1 апр. — на 15 ил. 1919 г. — Врид. Нач. Оперупр. Штазапа,,,629
586,Сытин Иван Павлович,1900,Генерал-майор,"Сытин Иван Павлович, 1900, Генерал-майор; Дежген. Штаба армий РФ",,На 28 нбр. 1918 г. — Командирован в составе мирной делегации в г. Киев,,,,У белых: Телегр. Свердлова Троцкому из Москвы от 4 нбр. 1918 г. за N.232 сооб щала о «бегстве» И. П. Сытина к белым на Юг и о назнач. его команд. одной из частей Юж. Армии белых.,629
587,Сытин Павел Павлович,1899,Генерал-майор,"Сытин Павел Павлович, 1899, Генерал-майор; Нач-к 37 пехд.",,До 30 апр. 1918 г. — Управделами у Э. Склян ского (по делам охраны ж/д); После 28 нбр. 1918 г. — на серед. ил. 1919 г. — Нач-к ВАО в Управделами РВСР,На 30 апр. — 28 ил. 1918 г. — Военрук гр. Брянских отрядов ЗУОЗ; С ил. 1918 г. — Начдив-2 Орлов.; С 30 авг. 1918 г. — Военрук ЮУОЗ,С 11 сент. до 9/28 нбр. 1918 г. — К-щий Юж. фронтом,,,629
588,Тарановский Александр Дмитриевич,1914–1915,Полковник,"Тарановский Александр Дмитриевич, 1914–1915, Полковник; Старад Гренк. Шт.-оф. для поруч. по авиаотделу Генкварта Штарма-2",,Не позднее дек. 1918 г. — Консультант Оперод Наркомвоена,,Не раньше летаосенью 1918 г. — Наштадив-1 Закавказской Не раньше 15 ил. 1919 г. — для особых поруч. при Командарме-3,Не раньше дек. 1918 г. и на апр. 1919 г. — Препод. АГШ РККА; На 15 ил. 1919 г. — Помощ. Прав-ля дел АГШ РККА и рук-ль по практич. занятиям,,630
589,Тарасов Владимир Иванович,1917,Полковник,"Тарасов Владимир Иванович, 1917, Подполковник; 2-й Донской казач. артдив.",,,На лето 1918 г. — Помощ. Наштадив. Старорусской (затем-2-й Новгород ской) по Оперчасти,На 28 нбр. 1918 г. — Нач. Разведод Штарма-7 С 18 мая — на 15 ил. 1919 г. — Врид. НШ Лужск. района,,,630
590,Тарасов Владимир Федорович,1918,Капитан,"Тарасов Владимир Федорович, 1918, Капитан; 13/14-я батарея конной артиллерии",,В конце фвр. — начале мрт. 1918 г. — под руковод. Препод. АГШ Генштаба полковника Б. П. Поля кова зан-ся разра боткой штатов и закон-й для Красной Армии; На 27 ин. — 10 ил. 1918 г. — Консультант Оперод Наркомвоена; На 15 ил. 1919 г. — В распоряж. Нач-ка ПШ РВСР,,10–23 ил. 1918 г. — Врид. НШ ВФ; 13 нбр. 1918 г. — до начала мая/ 7 ин. 1919 г. — Начштаба ЮФ; С 9 мая 1919 г. — Врид. Наштарм-9; 10 авг. — 2 окт. 1919 г. — Врид. Наштарм-8,,,630
591,Тарбеевский Николай Николаевич,1913,Полковник,"Тарбеевский Николай Николаевич, 1913, Подполковник; НШ 5 гренд.",,,К 1 сент. — 28 нбр. 1918 г. — Военн. Пред-ль на Рязанско-Уральской и Баскунчак. ж/д,С 21 дек. 1918 г. — на 15 ил. 1919 г. — Помнач. ВОСО Штаба ЮФ,,,631
592,Таубе Александр Александрович,1891,Генерал-лейтенант,"Таубе Александр Александрович, 1891, Генерал-лейтенант; К-щий ОмВО",Командующий военным округом,,С 5 апр. 1918 г. — Начштаба Сибирского Военкомата,,,,631
593,фон Таубе Сергей Фердинандович,1905,Генерал-майор,"фон Таубе Сергей Фердинандович, 1905, Генерал-майор; НШ 10 АК",,,На 28 нбр. 1918 г. — Зав. отделом службы войск штаба МВО; На серед. ил. 1919 г. — Нач. Мобупра Штаба МВО,,,,631
594,Текелин Леонтий Августович,1914,Полковник,"Текелин Леонтий Августович, 1914, Полковник; Нач. Отделен. контрразведки Огенкварта Штарма-1",,,С 27 апр. до 8 ин. 1918 г. — Нач. Отдела разведки в штабе ПриВО,,,8 ин. 1918 г. оказался в распоряжении Комуча при взятии чехами Самары; У белых: На авг. — сент. 1918 г. — Нач-к Разведчасти Оперод ГУГШ НА Комуча; На 24 фвр. 1919 г. — У Колчака Нач. Моботдела Главштаба,631
595,Тележников Петр Дмитриевич /бывший Шрейдер/,1890,Генерал-лейтенант,"Тележников Петр Дмитриевич /бывший Шрейдер/, 1890, Генерал-лейтенант; Нач-к 17 пд.",,Не позднее ил. 1918 г. — Инспектор формирований 4-й Инспекции формиров. СУОЗ при ВВС; На 15 ил. 1919 г. — Нач-к УОО Центр. Управл. Всевобуча,На 28 нбр. 1918 г. — В резерве при Штабе ЯВО; 22 янв. — 24 дек. 1919 г. — Военрук ЯВО,,На мрт. 1918 г. — преподавал в младшем и старшем классах АГШ РККА,,632
596,Телешев Михаил Николаевич,1880,Генерал-лейтенант,"Телешев Михаил Николаевич, 1880, 2-й разряд, Генерал-лейтенант; Нач-к 4 див. Донской",,,,,В 1918–1919 гг. — Препод. 1-х пехкурсов (Донская область),,632
597,Теодори Георгий Иванович,1917,Штабс-капитан,"Теодори Георгий Иванович, 1917, Штабс-капитан; Об.-оф. для поруч. при штабе 46АК",,На июнь 1918 г. — Консультант Оперод Наркомвоена; На начало ил. 1918 г. — НШ и Воен рук Оперод НВ; После 28 нбр. 1918 г. — не поздн. 15 ил. 1919 г. — Консультант Региструпр. ПШ РВСР,,,С 11 окт. 1918 г. — Преподаватель АГШ по курсу полевой артиллерии; На 28 нбр. 1918 г. — Штат. Препод. АГШ; После 28 нбр. 1918 г. — не позднее 15 ил. 1919 г. — Завед. Курсами разведки и военконтроля,"Арестован ЧК 23 сент. 1918 г., но вскоре освобожден; вторично арестован 22 мрт. 1919 г. в Двинске Особым Отделом ВЧК «по подозрен. в шпионаже и причаст. к Белогв. орг-ции». 4 янв. 1921 г. «...из-под стражи освобожден за недоказан. обвинения. Продолжил службу в РККА",632
598,Теодорович Константин Фролович,1907,Полковник,"Теодорович Константин Фролович, 1907 (2-й разряд), Полковник; Корпусной комендант(2г.)",,,,В 1918 г. — Смотритель 419-го полевого госпиталя,,,633
599,Тераевич Константин Паулинович,1917,Капитан,"Тераевич Константин Паулинович, 1917, Капитан; 131 пп. Тираспольский",,На 27 ин. 1918 г. — в ГУВУЗе ВГШ; На 28 нбр. 1918 г. — Инспектор ГУВУЗа ВГШ,,После 28 нбр. 1918 г. — не позднее 15 ил. 1919 г. — Нач-к Разведотделения Штарма-10 (умер),,,633
600,Терванд Иван Иванович,1914,Полковник,"Терванд Иван Иванович, 1914–15гг., Подполковник; Старад Шт. 12 сд. Сибирской",,,На 23 ил. 1918 г. — служил в штабе СКВО,,,,633
601,Тетеревятников Василий Яковлевич,1899,,"Тетеревятников Василий Яковлевич, 1899, последний чин неизвестен",,На 2 дек. 1918 г. — служил в Главупре Погранохраны,,,,,633
602,Тигранов Леон Фаддеевич,1899,Генерал-майор,"Тигранов Леон Фаддеевич, 1899, Генерал-майор; Помощ. К-щего войсками ПВО",,На 28 нбр. 1918 г. — серед. ил. 1919 г. — Нач-к снабжений и Помощник Начснаба Штаба ПВО,,,,,633
603,Тихменев Георгий (Юрий) Михайлович,1901,Генерал-майор,"Тихменев Георгий (Юрий) Михайлович, 1901, Генерал-майор; В распоряж. НШ СФ",,,С 26/ 27 апр. — на 28 нбр. 1918 г. — НШ УралВО; На 7 дек. 1918 г. — 15 ил. 1919 г. — Военрук УралВО,,На 20 ил. 1918 г. — вел практич. занятия по тактике в старшем классе АГШ РККА,"26/27 янв. 1919 г. арестован ЧК в Вятке, но на 7 фвр. с. г. «свободы не лишен»; 4 мрт. 1919 г. дело прекращ. «...по постановл. Распорядит. Заседания РВТ»",634
604,Ткаченко Алексей Алексеевич,1900,Полковник,"Ткаченко Алексей Алексеевич, 1900, Полковник; Генкварт МВО",,После 28 нбр. 1918 г. — и на 15 ил. 1919 г. — Инспектор ГУВУЗа ВГШ,,,На 5 нбр. 1918 г. — Служил при 1-х Москов. стрелк. курсах,Арестован после 28 нбр. 1918 г. — начала ил. 1919 г.; освобожден,634
605,Токаревский Вячеслав Константинович 1911,1911,Полковник,"Токаревский Вячеслав Константинович 1911, Полковник; Гекнварт. Штаба 11 А",,В янв. — фвр. 1918 г. — Дел-ль ГУГШ; С 8 мая и на 28 нбр. 1918 г. — Нач. Отделен. Дальневосточ. фронта Оперупра ВГШ; С 9 янв. — на 15 ил. 1919 г. — Помнач. Оперод ПШ РВСР,,,,,634
606,Томилин Сергей Валерианович,1903,Генерал-майор,"Томилин Сергей Валерианович, 1903, Генерал-майор; НШ 5 пд.",,На 15 ил. 1919 г. — Помнач. ЦУПВОСО ПШ РВСР,,На 28 нбр. 1918 г. — Нач-к УПВОСО Штарма-6,,,634
607,Томме Виктор Эдуардович,1917,Полковник,"Томме Виктор Эдуардович, 1917, Подполковник; 276 пп. Купянский",,,На 27 апр. — 16–27 ин. 1918 г. — для особых поруч. при штабе Военрука Москов. района,,,,634
608,Третьяков,1917,Поручик,"Третьяков, 1917, Поручик; 15 сп.",,,На 27 ин. 1918 г. — в Штабе Военрука Новгород. уч-ка СУОЗ,,,,635
609,Трофимов Вадим Владимирович,1917,Ротмистр,"Трофимов Вадим Владимирович, 1917, Ротмистр; на обер-офицер. должн. при штабе 3АК (Сибирского)",,В конце фвр. — начале мрт. 1918 г. — под руко вод. Препод. АГШ Генштаба полковника Б.П. Полякова зан-ся разработкой штатов и закон-й для РККА; С 26 дек. 1918 г. — 20 апр. 1920 г. — Помнач. Отделен. ПШ РВСР,С 7 марта 1918 г. — Помощ. НШ Порховского отряда; На лето 1918 г. — Помощ. Наштадива-2 Петроградской; прикомандир. к Инженерному Отделу СУОЗ,Не позднее 25 нбр. 1918 г. — Врид. НШ Южфронта; С 4 апр. — на 15 ил. 1919 г. — Помнач. Разведотдела Штазапа,,На 22 нбр. 1918 г. — арестован Петроград. ЧК; На 19 дек. 1918 г. ЧК «подписано об освобождении». Продолжил службу в РККА,635
610,Туношенский Николай Владимирович,1902–1914,Полковник,"Туношенский Николай Владимирович, 1902–1914, Подполковник; И. д. НШ 4 кавд.",,,С 1 мая — не позднее 23 ил. 1918 г. — Нач-к Оперод Мобупра ЯВО,,На 20 ил. 1918 г. — вел практич. занятия по тактике в АГШ РККА;,23–24 ил. 1918 г. эвакуирован большевиками вместе с АГШ в Казань; У белых: На 22 авг. 1918 г. — Штатный Препод. АГШ в НА Комуча,635
611,Туров Яков Семенович 1917,1917,Полковник,"Туров Яков Семенович 1917, Подполковник; 24 сп. Сибирский",,,На 27 ин. 1918 г. — в Штабе Тульск. отр.; После 27 ин. — не поздн. 28 нбр. 1918 г. — для поруч. при Штабе Москов. района,,,,635
612,Тюлин Михаил Степанович,1889,Генерал-лейтенант,"Тюлин Михаил Степанович, 1889, Генерал-лейтенант; Наказной Атаман Оренбург. казач. войска",,С 17 янв. 1919 г. — в Комиссии по разработке кавалерийских уставов при Оргупре ВГШ,,,,,636
613,Тюренков Борис Николаевич,1917,Капитан,"Тюренков Борис Николаевич, 1917, Капитан; 16 пп. Ладожский",,На 27 ин. 1918 г. — в ГУВУЗе (17 ил. 1918 г. — уволен со службы «по болезни»),,,,,636
614,Ульянин Владимир Петрович,1912,Полковник,"Ульянин Владимир Петрович, 1912, Полковник; НШ 1 гренд.",,,Не раньше 15 сент. 1918 г. — Завед. Отделом службы и подготовки войск Адмупра МВО,,На 28 нбр. 1918 г. — 15 ил. 1919 г. — Завед. Обуч. в АГШ РККА,,636
615,Умнов Константин Александрович,1917,Капитан,"Умнов Константин Александрович, 1917, Капитан; Помощ. Нач-ка Огенкварта Штарма ЗФ",,,На лето 1918 г. — Нач-к Оперотделения Штаба СУОЗ,На 28 нбр. 1918 г. — Нач-к Оперод Штасева; После 28 нбр. 1918 г. — на 15 ил. 1919 г. — Нач. Оперод Штазапа,,,636
616,Усов Николай Николаевич,1893,Генерал-лейтенант,"Усов Николай Николаевич, 1893, Генерал-лейтенант; Помощ. по воен. части Генерал-губ-ра обл. Австр.-Венгр., занятых по праву войны",,,На лето 1918 г. — прикомандир. к Оперод Штаба СУОЗ,,,На 12 сент. 1918 г. арестован ЧК в Петрограде. Дальнейшая судьба не известна,637
617,Ушаков Константин Михайлович,1900,Генерал-майор,"Ушаков Константин Михайлович, 1900, Генерал-майор; Нач-к ВОСО армий СФ",,С 15 мая 1918 г. — Нач-к 2-го Отдела УПВОСО ВГШ; На 28 нбр. 1918 г. — 15 ил. 1919 г. — Помнач. УПВОСО РВСР,,,,,637
618,Ушаков Николай Михайлович,1910,Капитан,"Ушаков Николай Михайлович, 1910, Капитан; Старад Шт. 4 сд. Сибирской; 21 марта 15г. — 21 сент. 1917 г. — нахо дился в плену",,С 30 янв. — на 6 ин. 1918 г. — Помощ. Делля ГУГШ; На 28 нбр. 1918 г. — 15 ил. 1919 г. — Нач. Отдела по устр-ву тыла при Оперупра ВГШ,,,,,637
619,Фастыковский Михаил Владиславович 1908,1908,Полковник,"Фастыковский Михаил Владиславович 1908, Полковник; НШ 1 ппд. Заамурской",,,,27 нбр. 1919 г. — 14 янв. 1920 г. — Врид. Наштарм-8,,,637
620,Федотов Александр Ипполитович,1898,Генерал-майор,"Федотов Александр Ипполитович, 1898, Генерал-майор; Ком-р 4 кавдивизии",,,С 27 апр. — на лето 1918 г. — Начснаб. Штаба СУОЗ,С 28 сент. 1918 г. — на 15 ил. 1919 г. — Инспектор Кавалерии Штасева,На март 1918 г. — преподавал в старшем и младшем классах АГШ,,638
621,Фешот Фердинанд Фердинандович,1903,Полковник,"Фешот Фердинанд Фердинандович, 1903, Полковник; НШ 29 пд.",,,На 28 нбр. 1918 г. — Председатель 2-ой Воронеж. КПК,После 28 нбр. 1918 г. — для особых поруч. при Нач. ВОСО ЮФ; На 15 ил. 1919 г. — Нач-к ВОСО Штарма-8,,,638
622,Филаретов Евгений Дмитриевич,1910,Полковник,"Филаретов Евгений Дмитриевич, 1910, Полковник; Завед. Интендан. частью Шт. 5 А",,,На 15 ин. 1918 г. — Помощ. Нач-ка ВХУ ЯВО,,,,638
623,Филатов Николай Михайлович,1887,Генерал-майор,"Филатов Николай Михайлович, 1887, Генерал-майор; Нач. ОСШ",,На 21 нбр. 1918 г. — Нач-к Оружей.- Патрон. Отдела Артил. Комитета ГАУ,,,С 21 нбр. 1918 г. — по 1 нбр. 1922 г. — Нач-к ВСШ,,638
624,Филатьев Дмитрий Владимирович,1898,Генерал-лейтенант,"Филатьев Дмитрий Владимирович, 1898, Генерал-лейтенант; Ординарный Профессор АГШ",,,,,На январь — июль 1918 г. — Ординарный Профессор АГШ РККА,,638
625,Финицкий Иван Михайлович,1917,Подъесаул,"Финицкий Иван Михайлович, 1917, Подъесаул; 6-я Донская отдельная казачья сотня",,,На 8 ин. 1918 г. — Дел-ль Штаба ПриВО,,С 17 апр. 1920 г. — Завуч Сибир. пехкурсов,8 ин. 1918 г. оказался в распоряж. Комуча при взятии чехами Самары; У белых: На 21 авг. 1918 г. — Врид. НШ 2 сд.; На 24 фвр. 1919 г. — Нач-к Оперод Штаба 6К Уральского,639
626,Фисенко Михаил Сергеевич,1902,Генерал-майор,"Фисенко Михаил Сергеевич, 1902, Генерал-майор; Ком-р 3 казд. Кубанской",,,,,В 1919 г. — Нач-к курсов Генштаба Армянской республики,,639
627,Фокке Джон Гугович,1906–1914,Полковник,"Фокке Джон Гугович, 1906–1914, Подполковник; Шт.-оф. для поруч. по авиации Огенкварта Шт. 1А",,,Не раньше ин. — на лето 1918 г. — Нач-к Отдела Снабжения Олонецкой (Петрозаводской) дивизии,На 15 ил. 1919 г. — Начснаб ЭА,,"На 3 дек. 1918 г. — 8 янв. 1919 г. арестован ЧК; содержался в тюрьме, в Петро граде; на серед. ил. 1919 г. — освобожден",639
628,Фомичев Михаил Иванович,1908–1914,Полковник,"Фомичев Михаил Иванович, 1908–1914, Подполковник; НШ ппд. Кавказской",,,,С 1 ин. — на 15 ил. 1919 г. — Нач-к Оперод Штарма-13,С 1 авг. — на 5 нбр. 1918 г. — Препод. 1-х Московских пехкурсов,,639
629,Фрейганг Владимир Васильевич,1901,Полковник,"Фрейганг Владимир Васильевич, 1901, 2-й разряд; Полковник; Интендант армий СФ",,,На 15 ин. 1918 г. — Нач. ВХУ ЯВО,Не раньше 5 мрт. — до 15 авг. 1919 г. — Начснаб. Южной группы ВФ,,,640
630,Фрейман Александр Константинович 1888,1888,Генерал-лейтенант,"Фрейман Александр Константинович 1888, Генерал-лейтенант; Помощ. Главначснаба ЗФ",,С 20 сент. 1918 г. — на 15 ил. 1919 г. — для поруч. при Нач. ВГШ,,,,,640
631,Фролов Владимир Александрович,1907,Полковник,"Фролов Владимир Александрович, 1907, Полковник; бригад. интендант 2-й грен. резерв. бригады",,,С 1 марта 1918 г. — Хозяй. Комиссар войск Нарвского района; С 3 мая — на лето 1918 г. — Начснаб. Гатчинской диви зии (3-я Петроградская),С 26 сент. 1918 г. — Начснаб. Армий СФ; С 20 фвр. — до 9 нбр. 1919 г. — Начснаб. ЗФ,,,640
632,Хамин Николай Александрович 1891,1891,Генерал-лейтенант,"Хамин Николай Александрович 1891, Генерал-лейтенант; Нач. Алексеев. ВУч",,На 23 нбр. 1917 г. — до конца мрт. 1918 г. — Нач-к ГУВУЗа,,,С нбр. 1918 г. — на 15 ил. 1919 г. — Завед. Петроград. курсами Всевобуча,,640
633,Харламов Сергей Дмитриевич,1910,Полковник,"Харламов Сергей Дмитриевич, 1910, Полковник; НШ 73 пд.",,С 8 мая 1918 г. — до фвр. 1919 г. Нач. Отделен. БВФ ВСО Оперупра ВГШ; На 28 нбр. 1918 г. — Нач. Отделен. по Службе Генштаба Оперупра ВГШ,,С 9 ин. — до конца сент. 1919 г. — Наштарм-15; 26 сент. — 17 окт. 1919 г. — Командарм-7,,,641
634,Хворостанский Николай Никанорович,1912,Полковник,"Хворостанский Николай Никанорович, 1912, Подполковник; Нач. ЭХО 12 А",,,С 1 мая 1918 г. — Зведующий ВСО Мобупра Штаба ЯВО,,,,641
635,Хвощинский Георгий Николаевич,1905,Полковник,"Хвощинский Георгий Николаевич, 1905, Полковник; НШ 1 АК",,С 25 нбр. 1918 г. — на 15 ил. 1919 г. — Помощ. Нач. ПШ РВСР по техчасти,На 27 апр. 1918 г. — НШ Тульского отряда; С 10 мая — до 25 нбр. 1918 г. — Нач. Мобупра Штаба МВО,,,,641
636,Хенриксон Николай Владимирович,1901,Генерал-майор,"Хенриксон Николай Владимирович, 1901, Генерал-майор; К-щий сух. войск., подчинен. К-щему БФ",,На 28 нбр. 1918 г. — в распоряж. Нач-ка ВГШ; С фвр. — на серед. ил. 1919 г. — в распоряжении Главкома,,5 дек. 1918 г. — 27 янв. 1919 г. — Командарм-7,,,641
637,Хитрово Константин Сергеевич,1917,Капитан,"Хитрово Константин Сергеевич, 1917, Капитан; Числящийся по полевой конной артиллерии",,,На 27 ин. 1918 г. — Помнач. Оперод СУОЗ; На лето 1918 г. — прикомандир. к Морскому Отделу СУОЗ; На 28 нбр. 1918 г. — Председатель Локинской ДемарК,,,,642
638,Христиани Григорий Григорьевич,1887,Генерал-лейтенант,"Христиани Григорий Григорьевич, 1887, Генерал-лейтенант; Заслуженный ординарный профессор АГШ",,,,,На янв. — 23 ил. 1918 г. — Препод. в АГШ РККА,"Оставлен в Екатеринбурге при эвакуации большевиками АГШ в Казань (23–24 ил. 1918 г.), «в составе комиссии для заведыв. и охраны оставлен. казен. имущ-ва»; У белых: С 29 ил. 1918 г. зачислен в резерв по штабу формир-я НА Комуча; На 24 фвр. 1919 г. — Профессор АГШ у Колчака",642
639,Хрулев Владимир Васильевич,1917,Штабс-капитан,"Хрулев Владимир Васильевич, 1917, Штабс-капитан; 38 пп. Тобольский",,,На июнь 1918 г. — Нач-к Связи Штаба Ржевск. отряда; На начало ил. 1918 г. — Ком-р бат. Связи и Нач. Связи 2-ой Тверской див.,На 28 нбр. 1918 г. — Комбат Связи Штадива-7 пех.; После 28 нбр. 1918 г. — не поздн. 15 ил. 1919 г. — Нач-к Отдела Связи Штаба ВФ,,На 15 ил. 1919 г. — «Постановл. ВРТ подвергнут тюрем. закл. на 5 лет с исключ. со службы навсегда»,643
640,Хрыпов Иван Антонович,1917,Капитан,"Хрыпов Иван Антонович, 1917, Капитан; 2-й лейб-драг. Псковский полк",,,На лето 1918 г. — Помощ. НШ Невельского отряда по Оперчасти (ЗУОЗ),На 28 нбр. 1918 г. — Наштадив-17 стрелковой,После 28 нбр. 1918 г. — Завед. кавкурсами в Москве; На 15 ил. 1919 г. — Завед. кавкурсами в Киеве,,643
641,Цветков,1918,,"Цветков, 1918, 183 пп. Пултуский; последний чин не известен",,,На 4 марта 1918 г. — прикомандир. к Нарв ской гр. отрядов; вышел на связь с Нач. отряда,,,,643
642,Цейтлин Василий Михайлович,1917,Штабс-капитан,"Цейтлин Василий Михайлович, 1917, Штабс-капитан; Наштадив-60",,На 15 ил. 1919 г. — Нач-к 1-го Отделения 1-го Отдела Региступра ПШ РВСР,С 18 марта 1918 г. — Нач-к Оперод Штаба Рязанск. отряда; На 27 ин. 1918 г. — не поздн. 1 ил. 1919 г. — Завед. Разведод в Штабе МВО,,После 28 нбр. 1918 г. — Штатный Препод. курсов разведки и военконтроля,,643
643,Церетели Зиновий Филимонович,1909,Полковник,"Церетели Зиновий Филимонович, 1909, Полковник; НШ 3 гкд.",,,На 14–16 ин. 1918 г. — Нач. Штаба Псковского отряда СУОЗ,,,У белых: На начало сент. 1918 г. — служил при ГУГШ Комуча в Самаре; На 24 фвр. 1919 г. — Генкварверх при Колчаке,644
644,Цихович Януарий Казимирович,1897,Генерал-лейтенант,"Цихович Януарий Казимирович, 1897, Генерал-лейтенант; К-щий 7 А",Командующий армией,На лето — 1 нбр./2 дек. 1918 г. — служил в ВАК при НВ; На 28 нбр. 1918 г. — 15 ил. 1919 г. — Ответст. редактор ВИК ВГШ и член ВАКа,,,,,644
645,Цуриков Афанасий Андреевич,1883,Генерал от кавалерии,"Цуриков Афанасий Андреевич, 1883, Генерал от кавалерии; К-щий 6 А",Командующий армией,,,На июль 1919 г. — в распоряж. Штазапа,,,644
646,Цурпалев Александр Николаевич,1913–1914,Капитан,"Цурпалев Александр Николаевич, 1913–1914, Капитан; Шт.-оф. для поруч. при Шт. 41 АК",,На 28 нбр. 1918 г. — Бывший Старш. Дел-ль Оперупра ВГШ,,,,На 28 нбр. — дек. 1918 — в 8 янв. 1919 гг. арестован ЧК; нах-ся в Петрограде. Не поздн. начала фвр. 1919 г. «числ. за Воен. Отделом ВЧК; обвин. в белогв. восст.»; на серед. ил. 1919 г. «предпис. отправиться в штаб Запфронта; донесения об отъезде не поступало». Дальней. судьба не известна,645
647,Цыгальский Михаил Викторович,1903,Генерал-майор,"Цыгальский Михаил Викторович, 1903, Генерал-майор; Нач-к 130 пд.",,,На лето 1918 г. — Помощ. Наштадива-3 Петроградской по Оперчасти; На 28 нбр. 1918 г. — Председатель Ямбургской ДемарК,После 28 нбр. 1918 г. — не поздн. 15 ил. 1919 г. — Наштарм-7; После 15 ил. — до 9 нбр. 1919 г. — Нач. Управления формиров. 7 А; С 9 нбр. 1919 г. — до 12 апр. 1921 г. — Инспектор 7 А,,,645
648,Чайков Александр Лукич,1917,Капитан,"Чайков Александр Лукич, 1917, Капитан; Помощ. Нач-ка Оперод Штарма СФ",,,На 28 нбр. 1918 г. — В штабе УралВО,,,,645
649,Чарноцкий Феликс Эдуардович,1905,Полковник,"Чарноцкий Феликс Эдуардович, 1905, Полковник; Ком-р 428 пп. Лодейнополь.",,,На лето 1918 г. — Начснаб. 1-ой Новгородской дивизии,,,,646
650,Чаусов Николай Дмитриевич,1899,Генерал-майор,"Чаусов Николай Дмитриевич, 1899, Генерал-майор; НШ 3 АК",,,После 28 нбр. 1918 г. — на 15 ил. 1919 г. — Смоленский Губвоенком,,,,646
651,Черевин Алексей Алексеевич,1914,Поручик,"Черевин Алексей Алексеевич, 1914, Поручик Командир роты",,,На 15–18 нбр. 1918 г. — в Мобупре ж/д.,,,,646
652,Черепенников Алексей Иванович,1896,Генерал-майор,"Черепенников Алексей Иванович, 1896, Генерал-майор; Нач-к 43 пд.",,,После 28 нбр. 1918 г. — на 15 ил. 1919 г. — для поруч. при Начштаба ПВО,,,На 21 нбр. — 7 дек. 1918 г. арестован ЧК; в Дерябин. тюрьме в Петрограде. На серед. ил. 1919 г. — освобожден,646
653,Черкасов Петр Владмирович,1900,Генерал-лейтенант,"Черкасов Петр Владмирович, 1900, Генерал-лейтенант; Ком-р 12 АК",Командир корпуса,"После 28 нбр. 1918 г. — Сотруд.-сост-ль Комиссии по исслед. войны 1914–1918 гг.; На 15 ил. 1919 г. — то же самое, а также в Комиссии по переработке уставов при Оргупре ВГШ",,,,,646
654,Черниговский-Сокол Бронислав Фаддеевич,1917,Капитан,"Черниговский-Сокол Бронислав Фаддеевич, 1917, Капитан; Старад штаба 76 пд.",,С 16 мая и на 28 нбр. 1918 г. — Военный Консультант при Оперод Наркомвоена,,После 28 нбр. 1918 г. — для поруч. при Командарме Украинской; С 14 мая-на 15 ил. 1919 г. — для поруч. при Командарме-14,,,647
655,Черный Константин Константинович 1902,1902,Генерал-майор,"Черный Константин Константинович 1902, Генерал-майор; Нач-к пд.",,На 9 сент. — 31 окт. 1918 г. — Нач-к Отделен. Моботдела Оргупра ВГШ; На 28 нбр. 1918 г. — Старш. Дел-ль Оргупра ВГШ; До 1 ин. 1919 г. — Нач-к Моботдела Мобупра ВГШ; (1 ин. 1919 г. — «уволен вовсе от службы»),,,,,647
656,Чернышев Виктор Николаевич,1906,Полковник,"Чернышев Виктор Николаевич, 1906, Полковник; Оберкварт. Шт. 42 АК",,,На 26 ин. — 28 нбр. 1918 г. — Нач-к Мобупра Штаба УралВО; После 28 нбр. 1918 г. — на 15 ил. 1919 г. — НШ УралВО,"28 авг. 1919 г. — 15 ин. 1920 г. — Наштарм-10; 21 авг. — 5 окт. 1920 г., 21 нбр. 1920 г. — 28 янв. 1921г. — Наштарм-9",,26 янв. 1919 г. арестован в Вятке; к серед. лета 1919 г. — освобожден,647
657,Чеснаков Петр Владимирович,1901,Генерал-майор,"Чеснаков Петр Владимирович, 1901, Генерал-майор; Нач-к 1 кавд.",,,К 27 апр. — до 2 сент. 1918 г. — Помощник Военрука Рязанского отряда,,,«Перешел» к Деникину не раньше конца 1918 г.; У белых: во ВСЮР — с 1919 г.; командовал кавдив. (мрт. 1920 г.),648
658,Чинтулов Иван Дмитриевич,1917,Капитан,"Чинтулов Иван Дмитриевич, 1917, Капитан; 68-я артбригада",,На 27 ин. — 28 нбр. 1918 г. — Консультант Оперод Наркомвоена; После 28 нбр. 1918 г. — Консультант ОВК РВСР,К лету 1918 г. — Помнач. Оперотделения Штаба СУОЗ,На 15 ил. 1919 г. — Прикомандир. к Штазапу,,,648
659,Чистяков Сергей Дмитриевич,1888,Генерал-лейтенант,"Чистяков Сергей Дмитриевич, 1888, Генерал-лейтенант; В резерве чинов при штабе ОдВО",,С 17 нбр. 1917 г. — состоял в распоряж. Нач. Генштаба; был привлечен к работам в Ставке до ее расформиров.,,,,,648
660,Чубаков Иллиодор Иллиодорович,1907,Полковник,"Чубаков Иллиодор Иллиодорович, 1907, Полковник; В распоряж. Нач. Генштаба",,,,Не раньше авг. 1918 г. — и в течение 1919 г. — для особых поруч. при Командарме-5,,,648
661,Шавров Борис Николаевич,1906,Полковник,"Шавров Борис Николаевич, 1906, Полковник; Старад Штаба ТуркВО",,,На лето 1918 г. — Наштадив Олонецкой (Петрозаводской),На 28 нбр. 1918 г. — Консультант при Отделе формир-я Штарма-3; После 28 нбр. 1918 г. — на 15 ил. 1919 г. — Помнач. Адмотдела Штарма-3,,,648
662,Шапошников Борис Михайлович,1910,Полковник,"Шапошников Борис Михайлович, 1910, Полковник; Командир дивизиона",,С 22 мая 1918 г. — Помнач. Оперупра Штаба ВВС; На 20 ил. — 2 авг. 1918 г. — Помощник по Разведчасти Регистротдела при ВВС; С 7 сент. 1918 г. — Нач-к Разведод ПШ РВСР; На 30 сент. 1918 г. — Помнач. Генштаба; С 30 окт. — на 28 нбр. 1918 г. — в Военном Отделе ВВИ,,На 1–15 ил. 1919 г. — 1-ый Помощ. Начштаба Наркомвоена Украины,На 25 дек. 1918 г. — Заведующий 9-й группой слушателей АГШ РККА,,649
663,Шафалович Федор Платонович,1912,Полковник,"Шафалович Федор Платонович, 1912, Подполковник; НШ Особой Армии",,Весной 1918 г. — Старш. Дел-ль ВГШ; На лето 1918 г. — Нач-к Управления 2-ой Инспекции формир-й частей СУОЗ при ВВС,,На 28 нбр. 1918 г. — Помощ. Наштарм-1; С 28 нбр. 1918 г. — до 9 сент. 1920 г. — Наштарм-1,,,649
664,Шварц Николай Николаевич,1911,Полковник,"Шварц Николай Николаевич, 1911, Подполковник; НШ 44 пд.",,На начало 1918 г. — до 8 мая с.г. — Дел-ль ГУГШ; На апр. 1918 г. — Нач. Разведотделен. Огенкварта-2 ГУГШ; С 8 мая — 1918 г. — до начала фвр. 1919 г. — Нач. Отделен. ВСО Оперупра ВГШ,,С начала фвр. 1919 г. — не поздн. 25 фвр. 1920 г. — Нач-к Оперод (затем-Оперупр.) Штаба ВФ,,,649
665,Шейдеман Георгий Михайлович,1895,Генерал-лейтенант,"Шейдеман Георгий Михайлович, 1895, Генерал-лейтенант; 2 класса, 1-й разряд; Нач-к ТАОН",,На 21 сент. 1918 г. Нач-к ТАОН РККА; С 15 окт. 1918 г. — Инспектор Артиллерии Штаба РККА,,,,Арестован распоряж. ВЧК от 9 мая 1918 г. за подписью члена Комиссии Петерса; на 21 сент. 1918 г. — освобожден,650
666,Шейдеман Сергей Михайлович,1883,Генерал от кавалерии,"Шейдеман Сергей Михайлович, 1883, Генерал от кавалерии; Ком-р 1АК Туркестан.",,С 19 авг. 1918 г. — Инспектор 3-ей Инспекции формиров. при ВВС,С 12 мая — на 1 авг. 1918 г. — Военрук Рязан. ГВК; С авг. 1918 г. — Начдив-1 Рязанской,,На 28 нбр. 1918 г. — Препод. тактики конницы в АГШ РККА; На 15 ил. 1919 г. — Штат. Препод. и Рук-ль по практич. заня тиям в АГШ,,650
667,Шеманский Анатолий Дмитриевич,1897,Генерал-майор,"Шеманский Анатолий Дмитриевич, 1897, Генерал-майор; НШ 11 АК",,,,,После 28 нбр. 1918 г. — не поздн. 1 ил. 1919 г. — Препод. Финских пехкурсов в Петрограде,,650
668,Шемякин Константин Яковлевич,1891,Генерал-майор,"Шемякин Константин Яковлевич, 1891, Генерал-майор; НШ 20 АК",,,С 1 нбр. 1918 г. — до 11 дек. 1919 г. — Нач. Моботдела Тульского ГВК,,,,650
669,Шестун Василий Викторович,1908–1914,Полковник,"Шестун Василий Викторович, 1908–1914, Подполковник; Помощ. Нач-ка Отделен. по авиации Угенкварта Штаба Гл-щего СФ",,,На 28 нбр. 1918 г. — Нач-к Отдела подгки службы войск штаба Запад. рай. обороны; После 28 нбр. 1918 г. — на 15 ил. 1919 г. — Нач-к Оперод Штаба Запад. ВО,,,,651
670,Шило Николай Иванович,1917,Капитан,"Шило Николай Иванович, 1917, Капитан; 22 сп. Сибир.",,,На 28 ин. — лето 1918 г. — Помощник НШ Петро за вод. див. по Оперч.; На 28 нбр. 1918 г. — в распоряж. Нач. Особой бригады,После 28 нбр. 1918 г. — Помощ. НШ 29 стрелк. по Оперч.; На 15 ил. 1919 г. — НШ там же,,,651
671,Шиловский Евгений Александрович,1917,Капитан,"Шиловский Евгений Александрович, 1917, Капитан; Помощ. Старада Огенкварта Штарма-11",,На 28 нбр. 1918 г. — Младший Дел-ль Главного Дел-ва ВВИ; После 28 нбр. 1918 г. — Старш. Дел-ль Особого Дел-ва ВВИ,,На 15 ил. 1919 г. — Нач-к Отдела Оргупра Наркомвоена Украины,На 25 дек. 1918 г. — Заведующий 11-й группой слушателей АГШ РККА,,651
672,Широков Виктор Павлович,1889,Генерал-лейтенант,"Широков Виктор Павлович, 1889, Генерал-лейтенант; Ком-р 21 АК",Командир корпуса,,26 апр. — 2 окт./28 нбр. 1918 г. — Военрук ОрВО,,,,651
673,Шифрин Петр Николаевич,1904,Полковник,"Шифрин Петр Николаевич, 1904, Полковник; НШ 53 пд.",,На 28 нбр. 1918 г. — Старш. Дел-ль ГУВУЗа ВГШ; С 10 янв. — на серед. ил. 1919 г. — Нач-к Отдела пех. — и кавкурсов ГУВУЗа ВГШ,,,,,652
674,Шишкин Владимир Иванович,1907,Полковник,"Шишкин Владимир Иванович, 1907, Полковник; Генкварт. Шт. 2 А",,,На лето 1918 г. — Нач-к Оперод СУОЗ,На 28 нбр. 1918 г. — Наштарм-7; После 28 нбр. 1918 г. — Инспектор по пехоте Шт. ЭА; На 15 ил. 1919 г. — Нач. Адмупра ЗФ,,,652
675,Шишковский Евгений Евгеньевич,1908,Полковник,"Шишковский Евгений Евгеньевич, 1908, Полковник; Генкварт Штаба Гл-щего ЮЗФ",,Лето — осень 1918 г. — 15 ил. 1919 г. — Нач. Стратег. Отделения Оперупра ВГШ (8 мес.),В апреле — на 4 ин. 1918 г. — Нач. Адмупра БеломорВО; В мае 1918 г. — Помнач. Штаба Вологод. района,До 28 нбр. 1918 г. — Нач-к Оперупра Штарма-6 (2 месяца),,,652
676,Шпилько Григорий Андреевич,1907,Полковник,"Шпилько Григорий Андреевич, 1907, Полковник; НШ ПВО",,Не раньше 27 апр. 1918 г. — НШ обороны и охраны ж/д. Респ.; На 28 нбр. 1918 г. — в распоряж. Нач-ка ВГШ,На 4 сент. 1918 г. — состоял в ЛК штаба ПВО; После 28 нбр. 1918 г. — на 15 ил. 1919 г. — Военрук Башкирского Военкомата,18 окт. —10 дек. 1919 г. — Наштарм-11 (3-го формиров.),,На 21 нбр. — 7 дек. 1918 г. арестован ЧК; в Петроград. тюрьме. На серед. лета 1919 г. — освобожден,652
677,Шрейдер Анатолий Александрович,1910,Капитан,"Шрейдер Анатолий Александрович, 1910, Капитан; НШ 119 пд. (отчислен от должности за нахождением в плену)",,,,На 28 нбр. 1918 г. — Нач-к Разведотделен. Штарма Резервной После 28 нбр. 1918 г. — не поздн. 1 ил. 1919 г. — Нач-к Отделен. Связи Штарма УФ; На 1–15 ил. 1919 г. — Нач-к ВОСО 13 А,,,653
678,Штубендорф Алексей Оттович,1904,Генерал-майор,"Штубендорф Алексей Оттович, 1904, Генерал-майор; НШ 32 АК",,,,,После 28 нбр. 1918 г. — серед. ил. 1919 г. — Завуч Петроград. комкурсов,,653
679,Шуваев Александр Дмитриевич,1912,Полковник,"Шуваев Александр Дмитриевич, 1912, Подполковник; Дел-ль Канцелярии Военмина",,1 фвр. 1919 г. — 2 ин. 1920 г. — Нач-к редакционного Отделен. КодО Управделами РВСР,С 5 дек. 1918 г. — до 26 янв. 1919 г. — Наштадив Петроградской местности,,,На 21 нбр. — 7 дек. 1918 г. арестован ЧК; в Петроград. тюрьме. На серед. лета 1919 г. — освобожден,653
680,Шуваев Дмитрий Савельевич,1878,Генерал от инфантерии,"Шуваев Дмитрий Савельевич, 1878, Генерал от инфантерии; Штат. Препод. повтор. комендант. курсов",,,,,В 1918–1919гг. — преподавал в военно-учебных заведениях,,653
681,Шукевич Иван Людвигович,1906–1914,Полковник,"Шукевич Иван Людвигович, 1906–1914, Подполковник; Шт.-оф. для поруч. при Шт. 9 АК",,,,Не раньше 12 ин. 1919 г. — командирован в Штарм-13; С 25 ил. 1919 г. — НШ 9 сд.; 18 сент. — 3 окт. 1919 г. — Начдив-9,,,654
682,Шумов Леонтий Андреевич,1912,Полковник,"Шумов Леонтий Андреевич, 1912, Подполковник; Нач. Канцеляр. Разведод Упр. Оберкварта Шт. 42 АК",,,С 1/7 ин. 1918 г. — На 15 ил. 1919 г. — Завед. 3-м Отделом Мобупра Штаба ОрВО (Часть военных перевозок),,,,654
683,Щеглов Николай Васильевич,1901,Полковник,"Щеглов Николай Васильевич, 1901, Подполковник; послед. долж. не известна",,,,Не раньше 28 ил. 1918 г. — Помнач. Артиллерии 30 сд.,,,654
684,Щепетов Николай Евсеевич,1906,Полковник,"Щепетов Николай Евсеевич, 1906, Полковник; штаб-офицер для делопр-ва и поручений Угенквартверха",,На 20 ил. 1918 г. — Помощник по Оперчасти при ВВС; На 28 нбр. 1918 г. — Нач-к Отдела Штаба РВСР,После 28 нбр. 1918 г. — на серед. ил. 1919 г. — Нач-к 1-го АХУ ВОСО Московского округа путей сообщения,,,,654
685,Щербаков Николай Михайлович,1913,Полковник,"Щербаков Николай Михайлович, 1913, Подполковник; в распоряж. НШ СФ",,,С 27 апр. до 8 ин. 1918 г. — Нач. Отдела Штаба ПриВО,,,,654
686,Щеткин Николай Осипович,1891,Генерал-лейтенант,"Щеткин Николай Осипович, 1891, Генерал-лейтенант; Геодезист",,На 28 нбр. 1918 г. — на серед. ил. 1919 г. — Нач. Отдела ВТУ ВГШ,,,,,655
687,Щолоков Иван Иванович,1902,Полковник,"Щолоков Иван Иванович, 1902, Полковник; Нач. Канцеляр. по Демоб. при Штабе Гл-щего СФ",,,На 1 ин. 1918 г. — Нач-к Адмупра Штаба ЯВО; На 5 ин. 1918 г. — Завед. военной секцией Генштаба при ЯВО; С 19 ин. 1918 г. — на серед. ил. 1919 г. — Нач-к Штаба ЯВО,,,,655
688,Эберман Леонид Артурович,1917,Капитан,"Эберман Леонид Артурович, 1917, Капитан; последняя должность не известна",,,На 25 ил. 1918 г. — Помощ. Наштадив-1 Тульской по Оперчасти,,,,655
689,Эзеринг Карл Иванович,1899,Генерал-майор,"Эзеринг Карл Иванович, 1899, Генерал-майор; В распоряж. Нач. Генштаба",,С 8 мая — на 28 нбр. 1918 г. — Нач. Отдела ВСО ВГШ,,После 28 нбр. 1918 г. — Нач-к Адмотдела Штарма Латвии; С 23 янв. — на 15 ил. 1919 г. — Нач-к Отдела Штарма-15,,,655
690,фон Энгель Виктор Николаевич,1902,Генерал-майор,"фон Энгель Виктор Николаевич, 1902, Генерал-майор; Ком-р 47 див.",,,,,После 28 нбр. 1918 г. — на серед. ил. 1919 г. — Препод. Саратов. арткурсов,,656
691,Энглер Николай Владимирович,1917,Ротмистр,"Энглер Николай Владимирович, 1917, Ротмистр; Старад Шт. 2АК Сибирского",,,На 27 ин. 1918 г. — в Штабе Петрогр. корп.; На лето 1918 г. — Помнач. Оперотделен. Штаба СУОЗ,,,,656
692,Энден Михаил Михайлович,1917,Капитан,"Энден Михаил Михайлович, 1917, Капитан; Старад Шт. 30 пехдивизии",,,На 27 ин. 1918 г. — в Штабе Военрука Калуж. отряда; С 25 окт. — до 1/28 нбр. 1918 г. — Помнач. ВСО ПВО; 1–9 нбр. 1918 г. — Нач-к Отдела фор мир-й Адмотдела ПВО; С 9 нбр. — до 10 дек. 1918 г. — Нач. Опер упра ПВО; С 10 дек. 1918 г. по 15 мая 1919 г. — Нач-к Адмупра и Строевого Упр. ПВО; С 15 мая по 13 нбр. 1919 г. — Нач. Моб упра Штаба ПВО,,,,656
693,Энкель Оскар Карлович,1902,Полковник,"Энкель Оскар Карлович, 1902, Полковник; Ком-р 2 сп. Туркестанского",,,,,После 28 нбр. 1918 г. — на 15 ил. 1919 г. — Завед. Петергоф. пехкурсами,,657
694,Юршевский Яков Яковлевич,1917,Полковник,"Юршевский Яков Яковлевич, 1917, Подполковник; 268 пп. Пошехонский",,После 28 нбр. 1918 г. — на 15 ил. 1919 г. — Для поруч. при Главкоме всеми вооруж. силами Респ.,На лето 1918 г. — Помощ. Наштадив-2 Старорусской (затем — 2-ой Новгород.) див. по Оперчасти,,,,657
695,Ягода Александр Николаевич,1914–1915,Полковник,"Ягода Александр Николаевич, 1914–1915, Подполковник; НШ 2 К Сибирского",,,До 25 ин. 1918 г. — состоящий для особых поруч. при Штабе Вязем. отряда; На 25 ин. 1918 г. — Завед. Отделом подг-ки войск Штаба ЯВО; На начало авг. 1918 г. — Нач-к Адмупра шт. ЯВО; На 28 нбр. 1918 г. — Завед. Отделом Шт. ЯВО,После 28 нбр. 1918 г. — Нач-к Оперод Штарма Украинской; С 5 мая — на 15 ил. 1919 г. — Нач-к Оперод Штарма-14,,,657
696,Ягодкин Павел Яковлевич,1897,Генерал-майор,"Ягодкин Павел Яковлевич, 1897, Генерал-майор; Помощ. Войск. Наказ. Атамана Сибир. казач. войска",,После 28 нбр. 1918 г. — на 15 ил. 1919 г. — В Комиссии по переработке уставов при Оргупре ВГШ,,,,,657
697,Языков Сергей Михайлович,1904,Полковник,"Языков Сергей Михайлович, 1904, Полковник; Нач-к ПТО и ЭТО Главного УПВОСО",,,,На 18–28 нбр. 1918 г. — Помнач. ВОСО ВФ; После 28 нбр. 1918 г. — Нач-к ВОСО армий УФ; С 16 ин. — на 15 ил. 1919 г. — Нач-к ВОСО 12 А,,,658
698,Якимович Александр Александрович,1904,Генерал-майор,"Якимович Александр Александрович, 1904, Генерал-майор; Помнач. ВЭО ГУГШ",,,,После 28 нбр. 1918 г. — на 15 ил. 1919 г. — Нач-к Оргупра НВ Украины,,,658
699,Яковлев Александр Алексеевич,1903,Генерал-майор,"Яковлев Александр Алексеевич, 1903, Генерал-майор; НШ 35 АК",,,C 26 марта — на 13 ин. 1918 г. — сост. для поруч. при Военруке ЗУОЗ; К 1 авг. 1918 г. — Военрук Брянского района(отряда); На осень 1918 г. — Начснаб. 2-ой Орловской див.,На 7 окт. 1918 г. — Военрук Брянского участка ЮФ,На 9–15 дек. 1918 г. — Правит. дел АГШ РККА; На 25 дек. 1918 г. — Завед. 4-й гр. слушлей АГШ РККА; На 15 ил. 1919 г. — Правит. дел АГШ и Завед. груп. по практич. заня тиям,,658
700,Яковлев Петр Петрович,1881,Генерал от инфантерии,"Яковлев Петр Петрович, 1881, Генерал от инфантерии; Ком-р 17 АК",Командир корпуса,На 5 нбр. 1918 г. — в Главспич. при ВСНХ,,,,,658
701,Яковский Николай Васильевич,1917,Штабс-капитан,"Яковский Николай Васильевич, 1917, Штабс-капитан; на обер-офицер. должн. при штабе 7 сд. (Туркестанской)",,,На 27 ин. 1918 г. — в Штабе Старорусской див.; 2 мес. — для поруч. при Наштадиве Порховской обороны; 2 мес. — Наштабриг. Новгород. дивизии и Завед. Оперчастью 2-й бригады там же,На 28 нбр. 1918 г. — Нач-к Оперод Штаба ВФ; После 5 марта — на 15 ил. 1919 г. — для поруч. при Наштарме Южной группы ВФ; После 15 ил. 1919 г. — Нач-к Оперод Штарма-4 (6 мес.); Нач-к Оперод Самаркандского УР (2 мес.); Нач-к Оперод Штарма-5 (2 мес.); Нач-к Оперупр. Штарма-5 (2 мес.); Врид. Наштарм-5,,,659
702,Якушов Яков Иванович,1902,Генерал-майор,"Якушов Яков Иванович, 1902, Генерал-майор; НШ 2 АК Туркестанского",,,На 17 сент. 1918 г. — назначен на должность Председателя ДК,,,,659
703,Яцко Иван Васильевич,1909,Полковник,"Яцко Иван Васильевич, 1909, Полковник; НШ 75 пд.",,,На 26 ил. 1918 г. — зарегистрирован в Вологодском ГВК,На 28 нбр. 1918 г. — командирован на ЮФ; После 28 нбр. 1918 г. — Нач-к Оперод Шт. 9А,,,659